site,year,date,block,plot,month,taxa,cover,collectors,note_cover
Pound Hill Disturbance ,2016,Jul-16,a,1,october,Achillea_millefolium,1,M_Crawley,
Pound Hill Disturbance ,2017,Jul-17,a,1,october,Achillea_millefolium,5,M_Crawley,
Pound Hill Disturbance ,2019,Jul-19,a,1,october,Achillea_millefolium,15,M_Crawley,
Pound Hill Disturbance ,2020,Aug-20,a,1,october,Achillea_millefolium,8,M_Crawley,
Pound Hill Disturbance ,2014,Sep-14,a,2,may,Achillea_millefolium,0.2,M_Crawley,recorded as ++
Pound Hill Disturbance ,2017,Jul-17,a,2,may,Achillea_millefolium,5,M_Crawley,
Pound Hill Disturbance ,2019,Jul-19,a,2,may,Achillea_millefolium,0.1,M_Crawley,recorded as +
Pound Hill Disturbance ,2016,Jul-16,a,3,march,Achillea_millefolium,2,M_Crawley,
Pound Hill Disturbance ,2017,Jul-17,a,3,march,Achillea_millefolium,10,M_Crawley,
Pound Hill Disturbance ,2019,Jul-19,a,3,march,Achillea_millefolium,30,M_Crawley,
Pound Hill Disturbance ,2020,Aug-20,a,3,march,Achillea_millefolium,3,M_Crawley,
Pound Hill Disturbance ,2014,Sep-14,b,4,may,Achillea_millefolium,2,M_Crawley,
Pound Hill Disturbance ,2017,Jul-17,b,4,may,Achillea_millefolium,2,M_Crawley,
Pound Hill Disturbance ,2019,Jul-19,b,4,may,Achillea_millefolium,1,M_Crawley,
Pound Hill Disturbance ,2020,Aug-20,b,4,may,Achillea_millefolium,1,M_Crawley,
Pound Hill Disturbance ,2016,Jul-16,b,5,march,Achillea_millefolium,5,M_Crawley,
Pound Hill Disturbance ,2017,Jul-17,b,5,march,Achillea_millefolium,10,M_Crawley,
Pound Hill Disturbance ,2019,Jul-19,b,5,march,Achillea_millefolium,30,M_Crawley,
Pound Hill Disturbance ,2020,Aug-20,b,5,march,Achillea_millefolium,3,M_Crawley,
Pound Hill Disturbance ,2016,Jul-16,b,6,october,Achillea_millefolium,1,M_Crawley,
Pound Hill Disturbance ,2017,Jul-17,b,6,october,Achillea_millefolium,15,M_Crawley,
Pound Hill Disturbance ,2019,Jul-19,b,6,october,Achillea_millefolium,30,M_Crawley,
Pound Hill Disturbance ,2020,Aug-20,b,6,october,Achillea_millefolium,4,M_Crawley,
Pound Hill Disturbance ,2016,Jul-16,c,7,march,Achillea_millefolium,8,M_Crawley,
Pound Hill Disturbance ,2017,Jul-17,c,7,march,Achillea_millefolium,15,M_Crawley,
Pound Hill Disturbance ,2019,Jul-19,c,7,march,Achillea_millefolium,30,M_Crawley,
Pound Hill Disturbance ,2020,Aug-20,c,7,march,Achillea_millefolium,6,M_Crawley,
Pound Hill Disturbance ,2016,Jul-16,c,8,october,Achillea_millefolium,0.1,M_Crawley,recorded as +
Pound Hill Disturbance ,2017,Jul-17,c,8,october,Achillea_millefolium,1,M_Crawley,
Pound Hill Disturbance ,2019,Jul-19,c,8,october,Achillea_millefolium,15,M_Crawley,
Pound Hill Disturbance ,2020,Aug-20,c,8,october,Achillea_millefolium,2,M_Crawley,
Pound Hill Disturbance ,2016,Jul-16,c,9,may,Achillea_millefolium,0.1,M_Crawley,recorded as +
Pound Hill Disturbance ,2017,Jul-17,c,9,may,Achillea_millefolium,3,M_Crawley,
Pound Hill Disturbance ,2019,Jul-19,c,9,may,Achillea_millefolium,2,M_Crawley,
Pound Hill Disturbance ,2020,Aug-20,c,9,may,Achillea_millefolium,1,M_Crawley,
Pound Hill Disturbance ,2016,Jul-16,d,10,march,Achillea_millefolium,10,M_Crawley,
Pound Hill Disturbance ,2017,Jul-17,d,10,march,Achillea_millefolium,15,M_Crawley,
Pound Hill Disturbance ,2019,Jul-19,d,10,march,Achillea_millefolium,30,M_Crawley,
Pound Hill Disturbance ,2020,Aug-20,d,10,march,Achillea_millefolium,10,M_Crawley,
Pound Hill Disturbance ,2017,Jul-17,d,11,october,Achillea_millefolium,5,M_Crawley,
Pound Hill Disturbance ,2019,Jul-19,d,11,october,Achillea_millefolium,15,M_Crawley,
Pound Hill Disturbance ,2020,Aug-20,d,11,october,Achillea_millefolium,4,M_Crawley,
Pound Hill Disturbance ,2017,Jul-17,d,12,may,Achillea_millefolium,0.1,M_Crawley,recorded as +
Pound Hill Disturbance ,2019,Jul-19,d,12,may,Achillea_millefolium,2,M_Crawley,
Pound Hill Disturbance ,2020,Aug-20,d,12,may,Achillea_millefolium,0.2,M_Crawley,recorded as ++
Pound Hill Disturbance ,2021,20-Jun-21,a,3,march,Achillea_millefolium,8,M_Crawley,
Pound Hill Disturbance ,2021,20-Jun-21,b,5,march,Achillea_millefolium,5,M_Crawley,
Pound Hill Disturbance ,2021,20-Jun-21,c,7,march,Achillea_millefolium,8,M_Crawley,
Pound Hill Disturbance ,2021,20-Jun-21,d,10,march,Achillea_millefolium,8,M_Crawley,
Pound Hill Disturbance ,2021,20-Jun-21,a,2,may,Achillea_millefolium,5,M_Crawley,
Pound Hill Disturbance ,2021,20-Jun-21,c,9,may,Achillea_millefolium,3,M_Crawley,
Pound Hill Disturbance ,2021,20-Jun-21,d,12,may,Achillea_millefolium,5,M_Crawley,
Pound Hill Disturbance ,2021,20-Jun-21,a,1,october,Achillea_millefolium,5,M_Crawley,
Pound Hill Disturbance ,2021,20-Jun-21,b,6,october,Achillea_millefolium,1,M_Crawley,
Pound Hill Disturbance ,2021,20-Jun-21,c,8,october,Achillea_millefolium,2,M_Crawley,
Pound Hill Disturbance ,2021,20-Jun-21,d,11,october,Achillea_millefolium,10,M_Crawley,
Pound Hill Disturbance ,2016,Jul-16,a,1,october,Agrostis_gigantea,5,M_Crawley,
Pound Hill Disturbance ,2017,Jul-17,a,1,october,Agrostis_gigantea,15,M_Crawley,
Pound Hill Disturbance ,2019,Jul-19,a,1,october,Agrostis_gigantea,20,M_Crawley,
Pound Hill Disturbance ,2020,Aug-20,a,1,october,Agrostis_gigantea,25,M_Crawley,
Pound Hill Disturbance ,2014,Sep-14,a,2,may,Agrostis_gigantea,25,M_Crawley,
Pound Hill Disturbance ,2016,Jul-16,a,2,may,Agrostis_gigantea,10,M_Crawley,
Pound Hill Disturbance ,2017,Jul-17,a,2,may,Agrostis_gigantea,10,M_Crawley,
Pound Hill Disturbance ,2019,Jul-19,a,2,may,Agrostis_gigantea,2,M_Crawley,
Pound Hill Disturbance ,2020,Aug-20,a,2,may,Agrostis_gigantea,2,M_Crawley,
Pound Hill Disturbance ,2016,Jul-16,a,3,march,Agrostis_gigantea,15,M_Crawley,
Pound Hill Disturbance ,2017,Jul-17,a,3,march,Agrostis_gigantea,10,M_Crawley,
Pound Hill Disturbance ,2020,Aug-20,a,3,march,Agrostis_gigantea,15,M_Crawley,
Pound Hill Disturbance ,2014,Sep-14,b,4,may,Agrostis_gigantea,15,M_Crawley,
Pound Hill Disturbance ,2016,Jul-16,b,4,may,Agrostis_gigantea,5,M_Crawley,
Pound Hill Disturbance ,2017,Jul-17,b,4,may,Agrostis_gigantea,10,M_Crawley,
Pound Hill Disturbance ,2019,Jul-19,b,4,may,Agrostis_gigantea,2,M_Crawley,
Pound Hill Disturbance ,2020,Aug-20,b,4,may,Agrostis_gigantea,3,M_Crawley,
Pound Hill Disturbance ,2016,Jul-16,b,5,march,Agrostis_gigantea,25,M_Crawley,
Pound Hill Disturbance ,2017,Jul-17,b,5,march,Agrostis_gigantea,5,M_Crawley,
Pound Hill Disturbance ,2020,Aug-20,b,5,march,Agrostis_gigantea,15,M_Crawley,
Pound Hill Disturbance ,2016,Jul-16,b,6,october,Agrostis_gigantea,15,M_Crawley,
Pound Hill Disturbance ,2017,Jul-17,b,6,october,Agrostis_gigantea,15,M_Crawley,
Pound Hill Disturbance ,2019,Jul-19,b,6,october,Agrostis_gigantea,25,M_Crawley,
Pound Hill Disturbance ,2020,Aug-20,b,6,october,Agrostis_gigantea,10,M_Crawley,
Pound Hill Disturbance ,2016,Jul-16,c,7,march,Agrostis_gigantea,10,M_Crawley,
Pound Hill Disturbance ,2017,Jul-17,c,7,march,Agrostis_gigantea,10,M_Crawley,
Pound Hill Disturbance ,2020,Aug-20,c,7,march,Agrostis_gigantea,15,M_Crawley,
Pound Hill Disturbance ,2016,Jul-16,c,8,october,Agrostis_gigantea,20,M_Crawley,
Pound Hill Disturbance ,2017,Jul-17,c,8,october,Agrostis_gigantea,10,M_Crawley,
Pound Hill Disturbance ,2019,Jul-19,c,8,october,Agrostis_gigantea,10,M_Crawley,
Pound Hill Disturbance ,2020,Aug-20,c,8,october,Agrostis_gigantea,25,M_Crawley,
Pound Hill Disturbance ,2014,Sep-14,c,9,may,Agrostis_gigantea,35,M_Crawley,
Pound Hill Disturbance ,2016,Jul-16,c,9,may,Agrostis_gigantea,5,M_Crawley,
Pound Hill Disturbance ,2017,Jul-17,c,9,may,Agrostis_gigantea,0.1,M_Crawley,recorded as +
Pound Hill Disturbance ,2019,Jul-19,c,9,may,Agrostis_gigantea,1,M_Crawley,
Pound Hill Disturbance ,2020,Aug-20,c,9,may,Agrostis_gigantea,5,M_Crawley,
Pound Hill Disturbance ,2016,Jul-16,d,10,march,Agrostis_gigantea,15,M_Crawley,
Pound Hill Disturbance ,2017,Jul-17,d,10,march,Agrostis_gigantea,15,M_Crawley,
Pound Hill Disturbance ,2020,Aug-20,d,10,march,Agrostis_gigantea,20,M_Crawley,
Pound Hill Disturbance ,2016,Jul-16,d,11,october,Agrostis_gigantea,15,M_Crawley,
Pound Hill Disturbance ,2017,Jul-17,d,11,october,Agrostis_gigantea,10,M_Crawley,
Pound Hill Disturbance ,2019,Jul-19,d,11,october,Agrostis_gigantea,25,M_Crawley,
Pound Hill Disturbance ,2020,Aug-20,d,11,october,Agrostis_gigantea,40,M_Crawley,
Pound Hill Disturbance ,2014,Sep-14,d,12,may,Agrostis_gigantea,25,M_Crawley,
Pound Hill Disturbance ,2016,Jul-16,d,12,may,Agrostis_gigantea,5,M_Crawley,
Pound Hill Disturbance ,2017,Jul-17,d,12,may,Agrostis_gigantea,2,M_Crawley,
Pound Hill Disturbance ,2019,Jul-19,d,12,may,Agrostis_gigantea,3,M_Crawley,
Pound Hill Disturbance ,2020,Aug-20,d,12,may,Agrostis_gigantea,4,M_Crawley,
Pound Hill Disturbance ,2021,20-Jun-21,a,3,march,Agrostis_gigantea,20,M_Crawley,
Pound Hill Disturbance ,2021,20-Jun-21,b,5,march,Agrostis_gigantea,25,M_Crawley,
Pound Hill Disturbance ,2021,20-Jun-21,c,7,march,Agrostis_gigantea,30,M_Crawley,
Pound Hill Disturbance ,2021,20-Jun-21,d,10,march,Agrostis_gigantea,40,M_Crawley,
Pound Hill Disturbance ,2021,20-Jun-21,a,2,may,Agrostis_gigantea,25,M_Crawley,
Pound Hill Disturbance ,2021,20-Jun-21,b,4,may,Agrostis_gigantea,45,M_Crawley,
Pound Hill Disturbance ,2021,20-Jun-21,c,9,may,Agrostis_gigantea,40,M_Crawley,
Pound Hill Disturbance ,2021,20-Jun-21,d,12,may,Agrostis_gigantea,15,M_Crawley,
Pound Hill Disturbance ,2021,20-Jun-21,a,1,october,Agrostis_gigantea,15,M_Crawley,
Pound Hill Disturbance ,2021,20-Jun-21,b,6,october,Agrostis_gigantea,20,M_Crawley,
Pound Hill Disturbance ,2021,20-Jun-21,c,8,october,Agrostis_gigantea,10,M_Crawley,
Pound Hill Disturbance ,2021,20-Jun-21,d,11,october,Agrostis_gigantea,15,M_Crawley,
Pound Hill Disturbance ,2014,Sep-14,a,2,may,Anagallis_arvensis,1,M_Crawley,
Pound Hill Disturbance ,2016,Jul-16,a,2,may,Anagallis_arvensis,1,M_Crawley,
Pound Hill Disturbance ,2020,Aug-20,a,2,may,Anagallis_arvensis,3,M_Crawley,
Pound Hill Disturbance ,2014,Sep-14,b,4,may,Anagallis_arvensis,2,M_Crawley,
Pound Hill Disturbance ,2016,Jul-16,b,4,may,Anagallis_arvensis,2,M_Crawley,
Pound Hill Disturbance ,2016,Jul-16,b,6,october,Anagallis_arvensis,0.1,M_Crawley,recorded as +
Pound Hill Disturbance ,2016,Jul-16,c,7,march,Anagallis_arvensis,0.1,M_Crawley,recorded as +
Pound Hill Disturbance ,2016,Jul-16,c,8,october,Anagallis_arvensis,0.2,M_Crawley,recorded as ++
Pound Hill Disturbance ,2014,Sep-14,c,9,may,Anagallis_arvensis,2,M_Crawley,
Pound Hill Disturbance ,2016,Jul-16,c,9,may,Anagallis_arvensis,2,M_Crawley,
Pound Hill Disturbance ,2017,Jul-17,d,10,march,Anagallis_arvensis,0.1,M_Crawley,recorded as +
Pound Hill Disturbance ,2016,Jul-16,d,11,october,Anagallis_arvensis,0.1,M_Crawley,recorded as +
Pound Hill Disturbance ,2014,Sep-14,d,12,may,Anagallis_arvensis,4,M_Crawley,
Pound Hill Disturbance ,2016,Jul-16,d,12,may,Anagallis_arvensis,5,M_Crawley,
Pound Hill Disturbance ,2020,Aug-20,d,12,may,Anagallis_arvensis,1,M_Crawley,
Pound Hill Disturbance ,2021,20-Jun-21,b,4,may,Anagallis_arvensis,1,M_Crawley,
Pound Hill Disturbance ,2021,20-Jun-21,c,9,may,Anagallis_arvensis,2,M_Crawley,
Pound Hill Disturbance ,2014,Sep-14,a,2,may,Anchusa_arvensis,20,M_Crawley,
Pound Hill Disturbance ,2016,Jul-16,a,2,may,Anchusa_arvensis,1,M_Crawley,
Pound Hill Disturbance ,2017,Jul-17,a,2,may,Anchusa_arvensis,15,M_Crawley,
Pound Hill Disturbance ,2019,Jul-19,a,2,may,Anchusa_arvensis,3,M_Crawley,
Pound Hill Disturbance ,2016,Jul-16,a,3,march,Anchusa_arvensis,45,M_Crawley,
Pound Hill Disturbance ,2017,Jul-17,a,3,march,Anchusa_arvensis,0.1,M_Crawley,recorded as +
Pound Hill Disturbance ,2014,Sep-14,b,4,may,Anchusa_arvensis,12,M_Crawley,
Pound Hill Disturbance ,2016,Jul-16,b,4,may,Anchusa_arvensis,1,M_Crawley,
Pound Hill Disturbance ,2017,Jul-17,b,4,may,Anchusa_arvensis,10,M_Crawley,
Pound Hill Disturbance ,2019,Jul-19,b,4,may,Anchusa_arvensis,0.1,M_Crawley,recorded as +
Pound Hill Disturbance ,2016,Jul-16,b,5,march,Anchusa_arvensis,40,M_Crawley,
Pound Hill Disturbance ,2017,Jul-17,b,5,march,Anchusa_arvensis,0.2,M_Crawley,recorded as ++
Pound Hill Disturbance ,2019,Jul-19,b,6,october,Anchusa_arvensis,8,M_Crawley,
Pound Hill Disturbance ,2020,Aug-20,b,6,october,Anchusa_arvensis,55,M_Crawley,
Pound Hill Disturbance ,2016,Jul-16,c,7,march,Anchusa_arvensis,35,M_Crawley,
Pound Hill Disturbance ,2017,Jul-17,c,7,march,Anchusa_arvensis,1,M_Crawley,
Pound Hill Disturbance ,2020,Aug-20,c,7,march,Anchusa_arvensis,1,M_Crawley,
Pound Hill Disturbance ,2016,Jul-16,c,8,october,Anchusa_arvensis,0.1,M_Crawley,recorded as +
Pound Hill Disturbance ,2017,Jul-17,c,8,october,Anchusa_arvensis,0.1,M_Crawley,recorded as +
Pound Hill Disturbance ,2019,Jul-19,c,8,october,Anchusa_arvensis,0.1,M_Crawley,recorded as +
Pound Hill Disturbance ,2020,Aug-20,c,8,october,Anchusa_arvensis,12,M_Crawley,
Pound Hill Disturbance ,2014,Sep-14,c,9,may,Anchusa_arvensis,35,M_Crawley,
Pound Hill Disturbance ,2016,Jul-16,c,9,may,Anchusa_arvensis,2,M_Crawley,
Pound Hill Disturbance ,2017,Jul-17,c,9,may,Anchusa_arvensis,25,M_Crawley,
Pound Hill Disturbance ,2019,Jul-19,c,9,may,Anchusa_arvensis,2,M_Crawley,
Pound Hill Disturbance ,2020,Aug-20,c,9,may,Anchusa_arvensis,1,M_Crawley,
Pound Hill Disturbance ,2016,Jul-16,d,10,march,Anchusa_arvensis,5,M_Crawley,
Pound Hill Disturbance ,2017,Jul-17,d,10,march,Anchusa_arvensis,0.1,M_Crawley,recorded as +
Pound Hill Disturbance ,2020,Aug-20,d,11,october,Anchusa_arvensis,15,M_Crawley,
Pound Hill Disturbance ,2014,Sep-14,d,12,may,Anchusa_arvensis,15,M_Crawley,
Pound Hill Disturbance ,2016,Jul-16,d,12,may,Anchusa_arvensis,10,M_Crawley,
Pound Hill Disturbance ,2017,Jul-17,d,12,may,Anchusa_arvensis,5,M_Crawley,
Pound Hill Disturbance ,2019,Jul-19,d,12,may,Anchusa_arvensis,5,M_Crawley,
Pound Hill Disturbance ,2020,Aug-20,d,12,may,Anchusa_arvensis,0.2,M_Crawley,recorded as ++
Pound Hill Disturbance ,2021,20-Jun-21,a,3,march,Anchusa_arvensis,2,M_Crawley,
Pound Hill Disturbance ,2021,20-Jun-21,b,5,march,Anchusa_arvensis,3,M_Crawley,
Pound Hill Disturbance ,2021,20-Jun-21,c,7,march,Anchusa_arvensis,5,M_Crawley,
Pound Hill Disturbance ,2021,20-Jun-21,d,10,march,Anchusa_arvensis,5,M_Crawley,
Pound Hill Disturbance ,2021,20-Jun-21,a,2,may,Anchusa_arvensis,8,M_Crawley,
Pound Hill Disturbance ,2021,20-Jun-21,b,4,may,Anchusa_arvensis,5,M_Crawley,
Pound Hill Disturbance ,2021,20-Jun-21,c,9,may,Anchusa_arvensis,10,M_Crawley,
Pound Hill Disturbance ,2021,20-Jun-21,d,12,may,Anchusa_arvensis,5,M_Crawley,
Pound Hill Disturbance ,2021,20-Jun-21,b,6,october,Anchusa_arvensis,0.1,M_Crawley,recorded as +
Pound Hill Disturbance ,2017,Jul-17,a,1,october,Bromus_sterilis,2,M_Crawley,
Pound Hill Disturbance ,2019,Jul-19,a,1,october,Bromus_sterilis,10,M_Crawley,
Pound Hill Disturbance ,2014,Sep-14,a,2,may,Bromus_sterilis,1,M_Crawley,
Pound Hill Disturbance ,2016,Jul-16,a,2,may,Bromus_sterilis,40,M_Crawley,
Pound Hill Disturbance ,2017,Jul-17,a,2,may,Bromus_sterilis,2,M_Crawley,
Pound Hill Disturbance ,2014,Sep-14,b,4,may,Bromus_sterilis,25,M_Crawley,
Pound Hill Disturbance ,2016,Jul-16,b,4,may,Bromus_sterilis,55,M_Crawley,
Pound Hill Disturbance ,2017,Jul-17,b,4,may,Bromus_sterilis,15,M_Crawley,
Pound Hill Disturbance ,2017,Jul-17,b,5,march,Bromus_sterilis,3,M_Crawley,
Pound Hill Disturbance ,2017,Jul-17,b,6,october,Bromus_sterilis,1,M_Crawley,
Pound Hill Disturbance ,2019,Jul-19,b,6,october,Bromus_sterilis,25,M_Crawley,
Pound Hill Disturbance ,2017,Jul-17,c,8,october,Bromus_sterilis,1,M_Crawley,
Pound Hill Disturbance ,2019,Jul-19,c,8,october,Bromus_sterilis,2,M_Crawley,
Pound Hill Disturbance ,2014,Sep-14,c,9,may,Bromus_sterilis,35,M_Crawley,
Pound Hill Disturbance ,2016,Jul-16,c,9,may,Bromus_sterilis,65,M_Crawley,
Pound Hill Disturbance ,2017,Jul-17,c,9,may,Bromus_sterilis,20,M_Crawley,
Pound Hill Disturbance ,2017,Jul-17,d,10,march,Bromus_sterilis,0.1,M_Crawley,recorded as +
Pound Hill Disturbance ,2019,Jul-19,d,11,october,Bromus_sterilis,1,M_Crawley,
Pound Hill Disturbance ,2014,Sep-14,d,12,may,Bromus_sterilis,15,M_Crawley,
Pound Hill Disturbance ,2016,Jul-16,d,12,may,Bromus_sterilis,40,M_Crawley,
Pound Hill Disturbance ,2017,Jul-17,d,12,may,Bromus_sterilis,10,M_Crawley,
Pound Hill Disturbance ,2021,20-Jun-21,a,3,march,Bromus_sterilis,1,M_Crawley,
Pound Hill Disturbance ,2021,20-Jun-21,b,5,march,Bromus_sterilis,0.1,M_Crawley,recorded as +
Pound Hill Disturbance ,2021,20-Jun-21,a,1,october,Bromus_sterilis,8,M_Crawley,
Pound Hill Disturbance ,2021,20-Jun-21,b,6,october,Bromus_sterilis,10,M_Crawley,
Pound Hill Disturbance ,2021,20-Jun-21,c,8,october,Bromus_sterilis,5,M_Crawley,
Pound Hill Disturbance ,2021,20-Jun-21,d,11,october,Bromus_sterilis,2,M_Crawley,
Pound Hill Disturbance ,2019,Jul-19,a,1,october,Apera_spica-venti,1,M_Crawley,
Pound Hill Disturbance ,2016,Jul-16,b,6,october,Apera_spica-venti,0.1,M_Crawley,recorded as +
Pound Hill Disturbance ,2017,Jul-17,b,6,october,Apera_spica-venti,2,M_Crawley,
Pound Hill Disturbance ,2019,Jul-19,b,6,october,Apera_spica-venti,5,M_Crawley,
Pound Hill Disturbance ,2016,Jul-16,c,8,october,Apera_spica-venti,5,M_Crawley,
Pound Hill Disturbance ,2017,Jul-17,c,8,october,Apera_spica-venti,10,M_Crawley,
Pound Hill Disturbance ,2019,Jul-19,c,8,october,Apera_spica-venti,40,M_Crawley,
Pound Hill Disturbance ,2020,Aug-20,c,8,october,Apera_spica-venti,5,M_Crawley,
Pound Hill Disturbance ,2019,Jul-19,d,11,october,Apera_spica-venti,0.2,M_Crawley,recorded as ++
Pound Hill Disturbance ,2020,Aug-20,d,11,october,Apera_spica-venti,1,M_Crawley,
Pound Hill Disturbance ,2021,20-Jun-21,c,7,march,Apera_spica-venti,1,M_Crawley,
Pound Hill Disturbance ,2021,20-Jun-21,c,9,may,Apera_spica-venti,0.1,M_Crawley,recorded as +
Pound Hill Disturbance ,2021,20-Jun-21,c,8,october,Apera_spica-venti,8,M_Crawley,
Pound Hill Disturbance ,2019,Jul-19,a,1,october,Aphanes_australis,10,M_Crawley,
Pound Hill Disturbance ,2016,Jul-16,b,6,october,Aphanes_australis,10,M_Crawley,
Pound Hill Disturbance ,2019,Jul-19,b,6,october,Aphanes_australis,10,M_Crawley,
Pound Hill Disturbance ,2016,Jul-16,c,8,october,Aphanes_australis,2,M_Crawley,
Pound Hill Disturbance ,2019,Jul-19,c,8,october,Aphanes_australis,1,M_Crawley,
Pound Hill Disturbance ,2021,20-Jun-21,a,3,march,Aphanes_australis,3,M_Crawley,
Pound Hill Disturbance ,2021,20-Jun-21,b,5,march,Aphanes_australis,1,M_Crawley,
Pound Hill Disturbance ,2021,20-Jun-21,a,1,october,Aphanes_australis,8,M_Crawley,
Pound Hill Disturbance ,2021,20-Jun-21,b,6,october,Aphanes_australis,15,M_Crawley,
Pound Hill Disturbance ,2021,20-Jun-21,c,8,october,Aphanes_australis,10,M_Crawley,
Pound Hill Disturbance ,2021,20-Jun-21,d,11,october,Aphanes_australis,5,M_Crawley,
Pound Hill Disturbance ,2014,Sep-14,a,2,may,Arabidopsis_thaliana,1,M_Crawley,
Pound Hill Disturbance ,2014,Sep-14,b,4,may,Arabidopsis_thaliana,1,M_Crawley,
Pound Hill Disturbance ,2014,Sep-14,c,9,may,Arabidopsis_thaliana,0.1,M_Crawley,recorded as +
Pound Hill Disturbance ,2014,Sep-14,d,12,may,Arabidopsis_thaliana,2,M_Crawley,
Pound Hill Disturbance ,2021,20-Jun-21,a,3,march,Arabidopsis_thaliana,5,M_Crawley,
Pound Hill Disturbance ,2021,20-Jun-21,b,5,march,Arabidopsis_thaliana,0.1,M_Crawley,recorded as +
Pound Hill Disturbance ,2021,20-Jun-21,c,7,march,Arabidopsis_thaliana,1,M_Crawley,
Pound Hill Disturbance ,2021,20-Jun-21,d,10,march,Arabidopsis_thaliana,1,M_Crawley,
Pound Hill Disturbance ,2021,20-Jun-21,c,9,may,Arabidopsis_thaliana,0.1,M_Crawley,recorded as +
Pound Hill Disturbance ,2014,Sep-14,a,2,may,Arenaria_serpyllifolia_leptoclados,0.1,M_Crawley,recorded as +
Pound Hill Disturbance ,2020,Aug-20,c,8,october,Arenaria_serpyllifolia_leptoclados,1,M_Crawley,
Pound Hill Disturbance ,2014,Sep-14,d,12,may,Arenaria_serpyllifolia_leptoclados,1,M_Crawley,
Pound Hill Disturbance ,2021,20-Jun-21,c,8,october,Arenaria_serpyllifolia_leptoclados,30,M_Crawley,
Pound Hill Disturbance ,2021,20-Jun-21,d,11,october,Arenaria_serpyllifolia_leptoclados,25,M_Crawley,
Pound Hill Disturbance ,2017,Jul-17,a,1,october,Arrhenatherum_elatius,1,M_Crawley,
Pound Hill Disturbance ,2019,Jul-19,a,1,october,Arrhenatherum_elatius,0.1,M_Crawley,recorded as +
Pound Hill Disturbance ,2020,Aug-20,a,1,october,Arrhenatherum_elatius,3,M_Crawley,
Pound Hill Disturbance ,2017,Jul-17,d,11,october,Arrhenatherum_elatius,0.1,M_Crawley,recorded as +
Pound Hill Disturbance ,2019,Jul-19,d,11,october,Arrhenatherum_elatius,1,M_Crawley,
Pound Hill Disturbance ,2021,20-Jun-21,a,1,october,Arrhenatherum_elatius,2,M_Crawley,
Pound Hill Disturbance ,2021,20-Jun-21,d,11,october,Arrhenatherum_elatius,0.1,M_Crawley,recorded as +
Pound Hill Disturbance ,2016,Jul-16,a,1,october,Artemisia_vulgaris,2,M_Crawley,
Pound Hill Disturbance ,2017,Jul-17,a,1,october,Artemisia_vulgaris,10,M_Crawley,
Pound Hill Disturbance ,2019,Jul-19,a,1,october,Artemisia_vulgaris,5,M_Crawley,
Pound Hill Disturbance ,2020,Aug-20,a,1,october,Artemisia_vulgaris,10,M_Crawley,
Pound Hill Disturbance ,2014,Sep-14,a,2,may,Artemisia_vulgaris,0.2,M_Crawley,recorded as ++
Pound Hill Disturbance ,2016,Jul-16,a,2,may,Artemisia_vulgaris,2,M_Crawley,
Pound Hill Disturbance ,2017,Jul-17,a,2,may,Artemisia_vulgaris,3,M_Crawley,
Pound Hill Disturbance ,2019,Jul-19,a,2,may,Artemisia_vulgaris,3,M_Crawley,
Pound Hill Disturbance ,2020,Aug-20,a,2,may,Artemisia_vulgaris,1,M_Crawley,
Pound Hill Disturbance ,2017,Jul-17,a,3,march,Artemisia_vulgaris,40,M_Crawley,
Pound Hill Disturbance ,2019,Jul-19,a,3,march,Artemisia_vulgaris,90,M_Crawley,
Pound Hill Disturbance ,2020,Aug-20,a,3,march,Artemisia_vulgaris,65,M_Crawley,
Pound Hill Disturbance ,2014,Sep-14,b,4,may,Artemisia_vulgaris,5,M_Crawley,
Pound Hill Disturbance ,2016,Jul-16,b,4,may,Artemisia_vulgaris,1,M_Crawley,
Pound Hill Disturbance ,2017,Jul-17,b,4,may,Artemisia_vulgaris,1,M_Crawley,
Pound Hill Disturbance ,2020,Aug-20,b,4,may,Artemisia_vulgaris,1,M_Crawley,
Pound Hill Disturbance ,2017,Jul-17,b,5,march,Artemisia_vulgaris,60,M_Crawley,
Pound Hill Disturbance ,2019,Jul-19,b,5,march,Artemisia_vulgaris,90,M_Crawley,
Pound Hill Disturbance ,2020,Aug-20,b,5,march,Artemisia_vulgaris,65,M_Crawley,
Pound Hill Disturbance ,2016,Jul-16,b,6,october,Artemisia_vulgaris,1,M_Crawley,
Pound Hill Disturbance ,2017,Jul-17,b,6,october,Artemisia_vulgaris,4,M_Crawley,
Pound Hill Disturbance ,2019,Jul-19,b,6,october,Artemisia_vulgaris,8,M_Crawley,
Pound Hill Disturbance ,2020,Aug-20,b,6,october,Artemisia_vulgaris,5,M_Crawley,
Pound Hill Disturbance ,2017,Jul-17,c,7,march,Artemisia_vulgaris,15,M_Crawley,
Pound Hill Disturbance ,2019,Jul-19,c,7,march,Artemisia_vulgaris,90,M_Crawley,
Pound Hill Disturbance ,2020,Aug-20,c,7,march,Artemisia_vulgaris,65,M_Crawley,
Pound Hill Disturbance ,2016,Jul-16,c,8,october,Artemisia_vulgaris,0.2,M_Crawley,recorded as ++
Pound Hill Disturbance ,2017,Jul-17,c,8,october,Artemisia_vulgaris,0.1,M_Crawley,recorded as +
Pound Hill Disturbance ,2019,Jul-19,c,8,october,Artemisia_vulgaris,2,M_Crawley,
Pound Hill Disturbance ,2020,Aug-20,c,8,october,Artemisia_vulgaris,0.1,M_Crawley,recorded as +
Pound Hill Disturbance ,2014,Sep-14,c,9,may,Artemisia_vulgaris,0.1,M_Crawley,recorded as +
Pound Hill Disturbance ,2016,Jul-16,c,9,may,Artemisia_vulgaris,0.1,M_Crawley,recorded as +
Pound Hill Disturbance ,2017,Jul-17,d,10,march,Artemisia_vulgaris,25,M_Crawley,
Pound Hill Disturbance ,2019,Jul-19,d,10,march,Artemisia_vulgaris,90,M_Crawley,
Pound Hill Disturbance ,2020,Aug-20,d,10,march,Artemisia_vulgaris,55,M_Crawley,
Pound Hill Disturbance ,2019,Jul-19,d,11,october,Artemisia_vulgaris,1,M_Crawley,
Pound Hill Disturbance ,2021,20-Jun-21,a,3,march,Artemisia_vulgaris,85,M_Crawley,
Pound Hill Disturbance ,2021,20-Jun-21,b,5,march,Artemisia_vulgaris,80,M_Crawley,
Pound Hill Disturbance ,2021,20-Jun-21,c,7,march,Artemisia_vulgaris,75,M_Crawley,
Pound Hill Disturbance ,2021,20-Jun-21,d,10,march,Artemisia_vulgaris,80,M_Crawley,
Pound Hill Disturbance ,2021,20-Jun-21,a,2,may,Artemisia_vulgaris,8,M_Crawley,
Pound Hill Disturbance ,2021,20-Jun-21,b,4,may,Artemisia_vulgaris,5,M_Crawley,
Pound Hill Disturbance ,2021,20-Jun-21,c,9,may,Artemisia_vulgaris,1,M_Crawley,
Pound Hill Disturbance ,2021,20-Jun-21,a,1,october,Artemisia_vulgaris,5,M_Crawley,
Pound Hill Disturbance ,2021,20-Jun-21,b,6,october,Artemisia_vulgaris,5,M_Crawley,
Pound Hill Disturbance ,2021,20-Jun-21,c,8,october,Artemisia_vulgaris,0.1,M_Crawley,recorded as +
Pound Hill Disturbance ,2021,20-Jun-21,a,2,may,bare_ground,40,M_Crawley,
Pound Hill Disturbance ,2021,20-Jun-21,b,4,may,bare_ground,45,M_Crawley,
Pound Hill Disturbance ,2021,20-Jun-21,c,9,may,bare_ground,45,M_Crawley,
Pound Hill Disturbance ,2021,20-Jun-21,d,12,may,bare_ground,20,M_Crawley,
Pound Hill Disturbance ,2016,Jul-16,a,1,october,Bromus_hordeaceus,5,M_Crawley,
Pound Hill Disturbance ,2017,Jul-17,a,1,october,Bromus_hordeaceus,4,M_Crawley,
Pound Hill Disturbance ,2019,Jul-19,a,1,october,Bromus_hordeaceus,8,M_Crawley,
Pound Hill Disturbance ,2016,Jul-16,a,2,may,Bromus_hordeaceus,5,M_Crawley,
Pound Hill Disturbance ,2017,Jul-17,a,3,march,Bromus_hordeaceus,1,M_Crawley,
Pound Hill Disturbance ,2016,Jul-16,b,4,may,Bromus_hordeaceus,1,M_Crawley,
Pound Hill Disturbance ,2016,Jul-16,b,6,october,Bromus_hordeaceus,1,M_Crawley,
Pound Hill Disturbance ,2017,Jul-17,b,6,october,Bromus_hordeaceus,2,M_Crawley,
Pound Hill Disturbance ,2019,Jul-19,b,6,october,Bromus_hordeaceus,15,M_Crawley,
Pound Hill Disturbance ,2016,Jul-16,c,8,october,Bromus_hordeaceus,1,M_Crawley,
Pound Hill Disturbance ,2017,Jul-17,c,8,october,Bromus_hordeaceus,3,M_Crawley,
Pound Hill Disturbance ,2019,Jul-19,c,8,october,Bromus_hordeaceus,20,M_Crawley,
Pound Hill Disturbance ,2016,Jul-16,c,9,may,Bromus_hordeaceus,0.1,M_Crawley,recorded as +
Pound Hill Disturbance ,2017,Jul-17,d,10,march,Bromus_hordeaceus,0.1,M_Crawley,recorded as +
Pound Hill Disturbance ,2016,Jul-16,d,11,october,Bromus_hordeaceus,5,M_Crawley,
Pound Hill Disturbance ,2017,Jul-17,d,11,october,Bromus_hordeaceus,10,M_Crawley,
Pound Hill Disturbance ,2019,Jul-19,d,11,october,Bromus_hordeaceus,60,M_Crawley,
Pound Hill Disturbance ,2021,20-Jun-21,a,3,march,Bromus_hordeaceus,8,M_Crawley,
Pound Hill Disturbance ,2021,20-Jun-21,b,5,march,Bromus_hordeaceus,10,M_Crawley,
Pound Hill Disturbance ,2021,20-Jun-21,c,7,march,Bromus_hordeaceus,8,M_Crawley,
Pound Hill Disturbance ,2021,20-Jun-21,d,10,march,Bromus_hordeaceus,5,M_Crawley,
Pound Hill Disturbance ,2021,20-Jun-21,a,2,may,Bromus_hordeaceus,0.1,M_Crawley,recorded as +
Pound Hill Disturbance ,2021,20-Jun-21,c,9,may,Bromus_hordeaceus,1,M_Crawley,
Pound Hill Disturbance ,2021,20-Jun-21,d,12,may,Bromus_hordeaceus,1,M_Crawley,
Pound Hill Disturbance ,2021,20-Jun-21,a,1,october,Bromus_hordeaceus,5,M_Crawley,
Pound Hill Disturbance ,2021,20-Jun-21,b,6,october,Bromus_hordeaceus,8,M_Crawley,
Pound Hill Disturbance ,2021,20-Jun-21,c,8,october,Bromus_hordeaceus,8,M_Crawley,
Pound Hill Disturbance ,2021,20-Jun-21,d,11,october,Bromus_hordeaceus,5,M_Crawley,
Pound Hill Disturbance ,2014,Sep-14,a,2,may,Capsella_bursa-pastoris,0.2,M_Crawley,recorded as ++
Pound Hill Disturbance ,2017,Jul-17,a,2,may,Capsella_bursa-pastoris,2,M_Crawley,
Pound Hill Disturbance ,2020,Aug-20,a,2,may,Capsella_bursa-pastoris,1,M_Crawley,
Pound Hill Disturbance ,2014,Sep-14,b,4,may,Capsella_bursa-pastoris,1,M_Crawley,
Pound Hill Disturbance ,2017,Jul-17,b,4,may,Capsella_bursa-pastoris,0.1,M_Crawley,recorded as +
Pound Hill Disturbance ,2020,Aug-20,b,4,may,Capsella_bursa-pastoris,2,M_Crawley,
Pound Hill Disturbance ,2017,Jul-17,b,5,march,Capsella_bursa-pastoris,0.1,M_Crawley,recorded as +
Pound Hill Disturbance ,2016,Jul-16,c,7,march,Capsella_bursa-pastoris,0.1,M_Crawley,recorded as +
Pound Hill Disturbance ,2017,Jul-17,c,9,may,Capsella_bursa-pastoris,0.2,M_Crawley,recorded as ++
Pound Hill Disturbance ,2020,Aug-20,c,9,may,Capsella_bursa-pastoris,1,M_Crawley,
Pound Hill Disturbance ,2017,Jul-17,d,12,may,Capsella_bursa-pastoris,0.1,M_Crawley,recorded as +
Pound Hill Disturbance ,2019,Jul-19,d,12,may,Capsella_bursa-pastoris,5,M_Crawley,
Pound Hill Disturbance ,2020,Aug-20,d,12,may,Capsella_bursa-pastoris,0.1,M_Crawley,recorded as +
Pound Hill Disturbance ,2021,20-Jun-21,a,3,march,Capsella_bursa-pastoris,1,M_Crawley,
Pound Hill Disturbance ,2021,20-Jun-21,b,5,march,Capsella_bursa-pastoris,1,M_Crawley,
Pound Hill Disturbance ,2021,20-Jun-21,c,7,march,Capsella_bursa-pastoris,1,M_Crawley,
Pound Hill Disturbance ,2021,20-Jun-21,d,10,march,Capsella_bursa-pastoris,1,M_Crawley,
Pound Hill Disturbance ,2021,20-Jun-21,a,2,may,Capsella_bursa-pastoris,1,M_Crawley,
Pound Hill Disturbance ,2021,20-Jun-21,b,4,may,Capsella_bursa-pastoris,1,M_Crawley,
Pound Hill Disturbance ,2021,20-Jun-21,c,9,may,Capsella_bursa-pastoris,2,M_Crawley,
Pound Hill Disturbance ,2021,20-Jun-21,d,12,may,Capsella_bursa-pastoris,10,M_Crawley,
Pound Hill Disturbance ,2017,Jul-17,c,8,october,Castanea_sativa,0.1,M_Crawley,recorded as +
Pound Hill Disturbance ,2017,Jul-17,d,11,october,Castanea_sativa,0.1,M_Crawley,recorded as +
Pound Hill Disturbance ,2020,Aug-20,a,1,october,Cerastium_fontanum,2,M_Crawley,
Pound Hill Disturbance ,2021,20-Jun-21,a,1,october,Cerastium_fontanum,1,M_Crawley,
Pound Hill Disturbance ,2017,Jul-17,a,1,october,Cerastium_glomeratum,0.1,M_Crawley,recorded as +
Pound Hill Disturbance ,2021,20-Jun-21,a,2,may,Cerastium_glomeratum,1,M_Crawley,
Pound Hill Disturbance ,2014,Sep-14,a,2,may,Chenopodium_album,10,M_Crawley,
Pound Hill Disturbance ,2016,Jul-16,a,2,may,Chenopodium_album,2,M_Crawley,
Pound Hill Disturbance ,2017,Jul-17,a,2,may,Chenopodium_album,1,M_Crawley,
Pound Hill Disturbance ,2019,Jul-19,a,2,may,Chenopodium_album,8,M_Crawley,
Pound Hill Disturbance ,2020,Aug-20,a,2,may,Chenopodium_album,20,M_Crawley,
Pound Hill Disturbance ,2017,Jul-17,a,3,march,Chenopodium_album,2,M_Crawley,
Pound Hill Disturbance ,2020,Aug-20,a,3,march,Chenopodium_album,5,M_Crawley,
Pound Hill Disturbance ,2014,Sep-14,b,4,may,Chenopodium_album,5,M_Crawley,
Pound Hill Disturbance ,2016,Jul-16,b,4,may,Chenopodium_album,0.1,M_Crawley,recorded as +
Pound Hill Disturbance ,2017,Jul-17,b,4,may,Chenopodium_album,2,M_Crawley,
Pound Hill Disturbance ,2019,Jul-19,b,4,may,Chenopodium_album,10,M_Crawley,
Pound Hill Disturbance ,2020,Aug-20,b,4,may,Chenopodium_album,15,M_Crawley,
Pound Hill Disturbance ,2017,Jul-17,b,5,march,Chenopodium_album,1,M_Crawley,
Pound Hill Disturbance ,2020,Aug-20,b,5,march,Chenopodium_album,1,M_Crawley,
Pound Hill Disturbance ,2017,Jul-17,c,7,march,Chenopodium_album,15,M_Crawley,
Pound Hill Disturbance ,2020,Aug-20,c,7,march,Chenopodium_album,2,M_Crawley,
Pound Hill Disturbance ,2014,Sep-14,c,9,may,Chenopodium_album,3,M_Crawley,
Pound Hill Disturbance ,2016,Jul-16,c,9,may,Chenopodium_album,1,M_Crawley,
Pound Hill Disturbance ,2017,Jul-17,c,9,may,Chenopodium_album,1,M_Crawley,
Pound Hill Disturbance ,2019,Jul-19,c,9,may,Chenopodium_album,1,M_Crawley,
Pound Hill Disturbance ,2020,Aug-20,c,9,may,Chenopodium_album,15,M_Crawley,
Pound Hill Disturbance ,2016,Jul-16,d,10,march,Chenopodium_album,0.1,M_Crawley,recorded as +
Pound Hill Disturbance ,2017,Jul-17,d,10,march,Chenopodium_album,5,M_Crawley,
Pound Hill Disturbance ,2020,Aug-20,d,10,march,Chenopodium_album,8,M_Crawley,
Pound Hill Disturbance ,2014,Sep-14,d,12,may,Chenopodium_album,20,M_Crawley,
Pound Hill Disturbance ,2017,Jul-17,d,12,may,Chenopodium_album,1,M_Crawley,
Pound Hill Disturbance ,2019,Jul-19,d,12,may,Chenopodium_album,1,M_Crawley,
Pound Hill Disturbance ,2020,Aug-20,d,12,may,Chenopodium_album,20,M_Crawley,
Pound Hill Disturbance ,2021,20-Jun-21,a,3,march,Chenopodium_album,3,M_Crawley,
Pound Hill Disturbance ,2021,20-Jun-21,b,5,march,Chenopodium_album,2,M_Crawley,
Pound Hill Disturbance ,2021,20-Jun-21,c,7,march,Chenopodium_album,2,M_Crawley,
Pound Hill Disturbance ,2021,20-Jun-21,d,10,march,Chenopodium_album,25,M_Crawley,
Pound Hill Disturbance ,2021,20-Jun-21,a,2,may,Chenopodium_album,10,M_Crawley,
Pound Hill Disturbance ,2021,20-Jun-21,b,4,may,Chenopodium_album,8,M_Crawley,
Pound Hill Disturbance ,2021,20-Jun-21,c,9,may,Chenopodium_album,8,M_Crawley,
Pound Hill Disturbance ,2021,20-Jun-21,d,12,may,Chenopodium_album,5,M_Crawley,
Pound Hill Disturbance ,2016,Jul-16,a,1,october,Cirsium_arvense,2,M_Crawley,
Pound Hill Disturbance ,2017,Jul-17,a,1,october,Cirsium_arvense,3,M_Crawley,
Pound Hill Disturbance ,2019,Jul-19,a,1,october,Cirsium_arvense,1,M_Crawley,
Pound Hill Disturbance ,2020,Aug-20,a,1,october,Cirsium_arvense,1,M_Crawley,
Pound Hill Disturbance ,2016,Jul-16,a,2,may,Cirsium_arvense,1,M_Crawley,
Pound Hill Disturbance ,2017,Jul-17,a,2,may,Cirsium_arvense,1,M_Crawley,
Pound Hill Disturbance ,2019,Jul-19,a,2,may,Cirsium_arvense,2,M_Crawley,
Pound Hill Disturbance ,2016,Jul-16,b,4,may,Cirsium_arvense,0.1,M_Crawley,recorded as +
Pound Hill Disturbance ,2019,Jul-19,b,4,may,Cirsium_arvense,0.1,M_Crawley,recorded as +
Pound Hill Disturbance ,2020,Aug-20,b,4,may,Cirsium_arvense,0.1,M_Crawley,recorded as +
Pound Hill Disturbance ,2014,Sep-14,c,9,may,Cirsium_arvense,1,M_Crawley,
Pound Hill Disturbance ,2016,Jul-16,c,9,may,Cirsium_arvense,0.1,M_Crawley,recorded as +
Pound Hill Disturbance ,2017,Jul-17,c,9,may,Cirsium_arvense,0.3,M_Crawley,recorded as +++
Pound Hill Disturbance ,2019,Jul-19,c,9,may,Cirsium_arvense,2,M_Crawley,
Pound Hill Disturbance ,2014,Sep-14,d,12,may,Cirsium_arvense,0.2,M_Crawley,recorded as ++
Pound Hill Disturbance ,2017,Jul-17,d,12,may,Cirsium_arvense,0.1,M_Crawley,recorded as +
Pound Hill Disturbance ,2019,Jul-19,d,12,may,Cirsium_arvense,2,M_Crawley,
Pound Hill Disturbance ,2020,Aug-20,d,12,may,Cirsium_arvense,1,M_Crawley,
Pound Hill Disturbance ,2021,20-Jun-21,a,2,may,Cirsium_arvense,1,M_Crawley,
Pound Hill Disturbance ,2021,20-Jun-21,a,1,october,Cirsium_arvense,2,M_Crawley,
Pound Hill Disturbance ,2020,Aug-20,c,9,may,Convolvulus_arvensis,2,M_Crawley,
Pound Hill Disturbance ,2021,20-Jun-21,c,9,may,Convolvulus_arvensis,1,M_Crawley,
Pound Hill Disturbance ,2014,Sep-14,a,2,may,Conyza_canadensis,0.1,M_Crawley,recorded as +
Pound Hill Disturbance ,2017,Jul-17,a,2,may,Conyza_canadensis,1,M_Crawley,
Pound Hill Disturbance ,2020,Aug-20,a,2,may,Conyza_canadensis,0.1,M_Crawley,recorded as +
Pound Hill Disturbance ,2017,Jul-17,a,3,march,Conyza_canadensis,0.1,M_Crawley,recorded as +
Pound Hill Disturbance ,2017,Jul-17,b,4,may,Conyza_canadensis,0.2,M_Crawley,recorded as ++
Pound Hill Disturbance ,2016,Jul-16,b,6,october,Conyza_canadensis,0.1,M_Crawley,recorded as +
Pound Hill Disturbance ,2017,Jul-17,b,6,october,Conyza_canadensis,5,M_Crawley,
Pound Hill Disturbance ,2019,Jul-19,b,6,october,Conyza_canadensis,5,M_Crawley,
Pound Hill Disturbance ,2020,Aug-20,b,6,october,Conyza_canadensis,0.2,M_Crawley,recorded as ++
Pound Hill Disturbance ,2014,Sep-14,c,9,may,Conyza_canadensis,1,M_Crawley,
Pound Hill Disturbance ,2020,Aug-20,c,9,may,Conyza_canadensis,0.1,M_Crawley,recorded as +
Pound Hill Disturbance ,2017,Jul-17,d,11,october,Conyza_canadensis,1,M_Crawley,
Pound Hill Disturbance ,2019,Jul-19,d,11,october,Conyza_canadensis,5,M_Crawley,
Pound Hill Disturbance ,2020,Aug-20,d,11,october,Conyza_canadensis,0.1,M_Crawley,recorded as +
Pound Hill Disturbance ,2014,Sep-14,d,12,may,Conyza_canadensis,3,M_Crawley,
Pound Hill Disturbance ,2016,Jul-16,d,12,may,Conyza_canadensis,0.1,M_Crawley,recorded as +
Pound Hill Disturbance ,2017,Jul-17,d,12,may,Conyza_canadensis,1,M_Crawley,
Pound Hill Disturbance ,2021,20-Jun-21,a,3,march,Conyza_canadensis,0.1,M_Crawley,recorded as +
Pound Hill Disturbance ,2021,20-Jun-21,a,2,may,Conyza_canadensis,2,M_Crawley,
Pound Hill Disturbance ,2021,20-Jun-21,b,4,may,Conyza_canadensis,5,M_Crawley,
Pound Hill Disturbance ,2021,20-Jun-21,c,9,may,Conyza_canadensis,0.1,M_Crawley,recorded as +
Pound Hill Disturbance ,2021,20-Jun-21,d,12,may,Conyza_canadensis,8,M_Crawley,
Pound Hill Disturbance ,2016,Jul-16,a,1,october,Crepis_capillaris,2,M_Crawley,
Pound Hill Disturbance ,2017,Jul-17,a,1,october,Crepis_capillaris,2,M_Crawley,
Pound Hill Disturbance ,2019,Jul-19,a,1,october,Crepis_capillaris,5,M_Crawley,
Pound Hill Disturbance ,2020,Aug-20,a,1,october,Crepis_capillaris,8,M_Crawley,
Pound Hill Disturbance ,2016,Jul-16,a,2,may,Crepis_capillaris,2,M_Crawley,
Pound Hill Disturbance ,2017,Jul-17,a,2,may,Crepis_capillaris,3,M_Crawley,
Pound Hill Disturbance ,2020,Aug-20,a,2,may,Crepis_capillaris,0.1,M_Crawley,recorded as +
Pound Hill Disturbance ,2016,Jul-16,a,3,march,Crepis_capillaris,1,M_Crawley,
Pound Hill Disturbance ,2014,Sep-14,b,4,may,Crepis_capillaris,1,M_Crawley,
Pound Hill Disturbance ,2016,Jul-16,b,4,may,Crepis_capillaris,4,M_Crawley,
Pound Hill Disturbance ,2016,Jul-16,b,5,march,Crepis_capillaris,0.1,M_Crawley,recorded as +
Pound Hill Disturbance ,2017,Jul-17,b,5,march,Crepis_capillaris,0.1,M_Crawley,recorded as +
Pound Hill Disturbance ,2016,Jul-16,b,6,october,Crepis_capillaris,4,M_Crawley,
Pound Hill Disturbance ,2017,Jul-17,b,6,october,Crepis_capillaris,2,M_Crawley,
Pound Hill Disturbance ,2019,Jul-19,b,6,october,Crepis_capillaris,2,M_Crawley,
Pound Hill Disturbance ,2020,Aug-20,b,6,october,Crepis_capillaris,4,M_Crawley,
Pound Hill Disturbance ,2016,Jul-16,c,7,march,Crepis_capillaris,0.1,M_Crawley,recorded as +
Pound Hill Disturbance ,2016,Jul-16,c,8,october,Crepis_capillaris,2,M_Crawley,
Pound Hill Disturbance ,2017,Jul-17,c,8,october,Crepis_capillaris,2,M_Crawley,
Pound Hill Disturbance ,2019,Jul-19,c,8,october,Crepis_capillaris,10,M_Crawley,
Pound Hill Disturbance ,2020,Aug-20,c,8,october,Crepis_capillaris,5,M_Crawley,
Pound Hill Disturbance ,2014,Sep-14,c,9,may,Crepis_capillaris,1,M_Crawley,
Pound Hill Disturbance ,2016,Jul-16,c,9,may,Crepis_capillaris,1,M_Crawley,
Pound Hill Disturbance ,2017,Jul-17,c,9,may,Crepis_capillaris,0.2,M_Crawley,recorded as ++
Pound Hill Disturbance ,2020,Aug-20,c,9,may,Crepis_capillaris,0.1,M_Crawley,recorded as +
Pound Hill Disturbance ,2016,Jul-16,d,10,march,Crepis_capillaris,0.1,M_Crawley,recorded as +
Pound Hill Disturbance ,2016,Jul-16,d,11,october,Crepis_capillaris,2,M_Crawley,
Pound Hill Disturbance ,2017,Jul-17,d,11,october,Crepis_capillaris,2,M_Crawley,
Pound Hill Disturbance ,2019,Jul-19,d,11,october,Crepis_capillaris,8,M_Crawley,
Pound Hill Disturbance ,2020,Aug-20,d,11,october,Crepis_capillaris,2,M_Crawley,
Pound Hill Disturbance ,2014,Sep-14,d,12,may,Crepis_capillaris,0.2,M_Crawley,recorded as ++
Pound Hill Disturbance ,2016,Jul-16,d,12,may,Crepis_capillaris,1,M_Crawley,
Pound Hill Disturbance ,2017,Jul-17,d,12,may,Crepis_capillaris,2,M_Crawley,
Pound Hill Disturbance ,2021,20-Jun-21,d,10,march,Crepis_capillaris,1,M_Crawley,
Pound Hill Disturbance ,2021,20-Jun-21,a,2,may,Crepis_capillaris,1,M_Crawley,
Pound Hill Disturbance ,2021,20-Jun-21,a,2,may,Crepis_capillaris,1,M_Crawley,
Pound Hill Disturbance ,2021,20-Jun-21,b,4,may,Crepis_capillaris,0.1,M_Crawley,recorded as +
Pound Hill Disturbance ,2021,20-Jun-21,b,4,may,Crepis_capillaris,1,M_Crawley,
Pound Hill Disturbance ,2021,20-Jun-21,c,9,may,Crepis_capillaris,2,M_Crawley,
Pound Hill Disturbance ,2021,20-Jun-21,a,1,october,Crepis_capillaris,0.1,M_Crawley,recorded as +
Pound Hill Disturbance ,2021,20-Jun-21,b,6,october,Crepis_capillaris,1,M_Crawley,
Pound Hill Disturbance ,2021,20-Jun-21,c,8,october,Crepis_capillaris,2,M_Crawley,
Pound Hill Disturbance ,2021,20-Jun-21,d,11,october,Crepis_capillaris,1,M_Crawley,
Pound Hill Disturbance ,2016,Jul-16,c,7,march,Dactylis_glomerata,0.1,M_Crawley,recorded as +
Pound Hill Disturbance ,2017,Jul-17,c,7,march,Dactylis_glomerata,0.1,M_Crawley,recorded as +
Pound Hill Disturbance ,2017,Jul-17,d,11,october,Dactylis_glomerata,0.1,M_Crawley,recorded as +
Pound Hill Disturbance ,2021,20-Jun-21,b,5,march,Dactylis_glomerata,0.1,M_Crawley,recorded as +
Pound Hill Disturbance ,2017,Jul-17,a,2,may,Elytrigia_repens,0.1,M_Crawley,recorded as +
Pound Hill Disturbance ,2017,Jul-17,a,3,march,Elytrigia_repens,1,M_Crawley,
Pound Hill Disturbance ,2017,Jul-17,c,7,march,Elytrigia_repens,10,M_Crawley,
Pound Hill Disturbance ,2016,Jul-16,d,10,march,Elytrigia_repens,0.1,M_Crawley,recorded as +
Pound Hill Disturbance ,2017,Jul-17,d,10,march,Elytrigia_repens,2,M_Crawley,
Pound Hill Disturbance ,2017,Jul-17,d,12,may,Elytrigia_repens,0.1,M_Crawley,recorded as +
Pound Hill Disturbance ,2021,20-Jun-21,a,3,march,Elytrigia_repens,0.1,M_Crawley,recorded as +
Pound Hill Disturbance ,2016,Jul-16,a,1,october,Epilobium_ciliatum,0.2,M_Crawley,recorded as ++
Pound Hill Disturbance ,2017,Jul-17,a,1,october,Epilobium_ciliatum,1,M_Crawley,
Pound Hill Disturbance ,2020,Aug-20,a,1,october,Epilobium_ciliatum,1,M_Crawley,
Pound Hill Disturbance ,2017,Jul-17,b,6,october,Epilobium_ciliatum,1,M_Crawley,
Pound Hill Disturbance ,2016,Jul-16,c,8,october,Epilobium_ciliatum,0.1,M_Crawley,recorded as +
Pound Hill Disturbance ,2017,Jul-17,c,8,october,Epilobium_ciliatum,0.1,M_Crawley,recorded as +
Pound Hill Disturbance ,2017,Jul-17,d,11,october,Epilobium_ciliatum,1,M_Crawley,
Pound Hill Disturbance ,2021,20-Jun-21,a,1,october,Epilobium_montanum,1,M_Crawley,
Pound Hill Disturbance ,2014,Sep-14,a,2,may,Erodium_cicutarium,20,M_Crawley,
Pound Hill Disturbance ,2016,Jul-16,a,2,may,Erodium_cicutarium,40,M_Crawley,
Pound Hill Disturbance ,2017,Jul-17,a,2,may,Erodium_cicutarium,45,M_Crawley,
Pound Hill Disturbance ,2019,Jul-19,a,2,may,Erodium_cicutarium,30,M_Crawley,
Pound Hill Disturbance ,2020,Aug-20,a,2,may,Erodium_cicutarium,35,M_Crawley,
Pound Hill Disturbance ,2017,Jul-17,a,3,march,Erodium_cicutarium,1,M_Crawley,
Pound Hill Disturbance ,2014,Sep-14,b,4,may,Erodium_cicutarium,15,M_Crawley,
Pound Hill Disturbance ,2016,Jul-16,b,4,may,Erodium_cicutarium,35,M_Crawley,
Pound Hill Disturbance ,2017,Jul-17,b,4,may,Erodium_cicutarium,45,M_Crawley,
Pound Hill Disturbance ,2019,Jul-19,b,4,may,Erodium_cicutarium,30,M_Crawley,
Pound Hill Disturbance ,2020,Aug-20,b,4,may,Erodium_cicutarium,25,M_Crawley,
Pound Hill Disturbance ,2016,Jul-16,b,5,march,Erodium_cicutarium,1,M_Crawley,
Pound Hill Disturbance ,2017,Jul-17,b,5,march,Erodium_cicutarium,0.3,M_Crawley,recorded as +++
Pound Hill Disturbance ,2016,Jul-16,b,6,october,Erodium_cicutarium,0.2,M_Crawley,recorded as ++
Pound Hill Disturbance ,2016,Jul-16,c,7,march,Erodium_cicutarium,1,M_Crawley,
Pound Hill Disturbance ,2017,Jul-17,c,7,march,Erodium_cicutarium,3,M_Crawley,
Pound Hill Disturbance ,2017,Jul-17,c,8,october,Erodium_cicutarium,0.1,M_Crawley,recorded as +
Pound Hill Disturbance ,2014,Sep-14,c,9,may,Erodium_cicutarium,5,M_Crawley,
Pound Hill Disturbance ,2016,Jul-16,c,9,may,Erodium_cicutarium,25,M_Crawley,
Pound Hill Disturbance ,2017,Jul-17,c,9,may,Erodium_cicutarium,30,M_Crawley,
Pound Hill Disturbance ,2019,Jul-19,c,9,may,Erodium_cicutarium,35,M_Crawley,
Pound Hill Disturbance ,2020,Aug-20,c,9,may,Erodium_cicutarium,40,M_Crawley,
Pound Hill Disturbance ,2016,Jul-16,d,10,march,Erodium_cicutarium,0.1,M_Crawley,recorded as +
Pound Hill Disturbance ,2017,Jul-17,d,10,march,Erodium_cicutarium,0.2,M_Crawley,recorded as ++
Pound Hill Disturbance ,2014,Sep-14,d,12,may,Erodium_cicutarium,20,M_Crawley,
Pound Hill Disturbance ,2016,Jul-16,d,12,may,Erodium_cicutarium,40,M_Crawley,
Pound Hill Disturbance ,2017,Jul-17,d,12,may,Erodium_cicutarium,65,M_Crawley,
Pound Hill Disturbance ,2019,Jul-19,d,12,may,Erodium_cicutarium,80,M_Crawley,
Pound Hill Disturbance ,2020,Aug-20,d,12,may,Erodium_cicutarium,20,M_Crawley,
Pound Hill Disturbance ,2021,20-Jun-21,c,7,march,Erodium_cicutarium,1,M_Crawley,
Pound Hill Disturbance ,2021,20-Jun-21,a,2,may,Erodium_cicutarium,8,M_Crawley,
Pound Hill Disturbance ,2021,20-Jun-21,b,4,may,Erodium_cicutarium,5,M_Crawley,
Pound Hill Disturbance ,2021,20-Jun-21,c,9,may,Erodium_cicutarium,8,M_Crawley,
Pound Hill Disturbance ,2021,20-Jun-21,d,12,may,Erodium_cicutarium,10,M_Crawley,
Pound Hill Disturbance ,2017,Jul-17,c,9,may,Euphorbia_helioscopia,0.1,M_Crawley,recorded as +
Pound Hill Disturbance ,2017,Jul-17,a,1,october,Fallopia_convolvulus,1,M_Crawley,
Pound Hill Disturbance ,2019,Jul-19,a,1,october,Fallopia_convolvulus,2,M_Crawley,
Pound Hill Disturbance ,2014,Sep-14,a,2,may,Fallopia_convolvulus,25,M_Crawley,
Pound Hill Disturbance ,2016,Jul-16,a,2,may,Fallopia_convolvulus,15,M_Crawley,
Pound Hill Disturbance ,2017,Jul-17,a,2,may,Fallopia_convolvulus,35,M_Crawley,
Pound Hill Disturbance ,2019,Jul-19,a,2,may,Fallopia_convolvulus,5,M_Crawley,
Pound Hill Disturbance ,2020,Aug-20,a,2,may,Fallopia_convolvulus,5,M_Crawley,
Pound Hill Disturbance ,2016,Jul-16,a,3,march,Fallopia_convolvulus,5,M_Crawley,
Pound Hill Disturbance ,2017,Jul-17,a,3,march,Fallopia_convolvulus,25,M_Crawley,
Pound Hill Disturbance ,2019,Jul-19,a,3,march,Fallopia_convolvulus,50,M_Crawley,
Pound Hill Disturbance ,2020,Aug-20,a,3,march,Fallopia_convolvulus,1,M_Crawley,
Pound Hill Disturbance ,2014,Sep-14,b,4,may,Fallopia_convolvulus,15,M_Crawley,
Pound Hill Disturbance ,2016,Jul-16,b,4,may,Fallopia_convolvulus,4,M_Crawley,
Pound Hill Disturbance ,2017,Jul-17,b,4,may,Fallopia_convolvulus,15,M_Crawley,
Pound Hill Disturbance ,2019,Jul-19,b,4,may,Fallopia_convolvulus,4,M_Crawley,
Pound Hill Disturbance ,2016,Jul-16,b,5,march,Fallopia_convolvulus,2,M_Crawley,
Pound Hill Disturbance ,2017,Jul-17,b,5,march,Fallopia_convolvulus,15,M_Crawley,
Pound Hill Disturbance ,2019,Jul-19,b,5,march,Fallopia_convolvulus,50,M_Crawley,
Pound Hill Disturbance ,2020,Aug-20,b,5,march,Fallopia_convolvulus,1,M_Crawley,
Pound Hill Disturbance ,2017,Jul-17,b,6,october,Fallopia_convolvulus,3,M_Crawley,
Pound Hill Disturbance ,2016,Jul-16,c,7,march,Fallopia_convolvulus,1,M_Crawley,
Pound Hill Disturbance ,2017,Jul-17,c,7,march,Fallopia_convolvulus,40,M_Crawley,
Pound Hill Disturbance ,2019,Jul-19,c,7,march,Fallopia_convolvulus,50,M_Crawley,
Pound Hill Disturbance ,2020,Aug-20,c,7,march,Fallopia_convolvulus,1,M_Crawley,
Pound Hill Disturbance ,2017,Jul-17,c,8,october,Fallopia_convolvulus,4,M_Crawley,
Pound Hill Disturbance ,2014,Sep-14,c,9,may,Fallopia_convolvulus,20,M_Crawley,
Pound Hill Disturbance ,2016,Jul-16,c,9,may,Fallopia_convolvulus,0.1,M_Crawley,recorded as +
Pound Hill Disturbance ,2017,Jul-17,c,9,may,Fallopia_convolvulus,20,M_Crawley,
Pound Hill Disturbance ,2019,Jul-19,c,9,may,Fallopia_convolvulus,5,M_Crawley,
Pound Hill Disturbance ,2020,Aug-20,c,9,may,Fallopia_convolvulus,2,M_Crawley,
Pound Hill Disturbance ,2016,Jul-16,d,10,march,Fallopia_convolvulus,1,M_Crawley,
Pound Hill Disturbance ,2017,Jul-17,d,10,march,Fallopia_convolvulus,30,M_Crawley,
Pound Hill Disturbance ,2019,Jul-19,d,10,march,Fallopia_convolvulus,50,M_Crawley,
Pound Hill Disturbance ,2020,Aug-20,d,10,march,Fallopia_convolvulus,2,M_Crawley,
Pound Hill Disturbance ,2017,Jul-17,d,11,october,Fallopia_convolvulus,3,M_Crawley,
Pound Hill Disturbance ,2016,Jul-16,d,12,may,Fallopia_convolvulus,0.2,M_Crawley,recorded as ++
Pound Hill Disturbance ,2017,Jul-17,d,12,may,Fallopia_convolvulus,8,M_Crawley,
Pound Hill Disturbance ,2019,Jul-19,d,12,may,Fallopia_convolvulus,4,M_Crawley,
Pound Hill Disturbance ,2021,20-Jun-21,a,3,march,Fallopia_convolvulus,1,M_Crawley,
Pound Hill Disturbance ,2021,20-Jun-21,b,5,march,Fallopia_convolvulus,3,M_Crawley,
Pound Hill Disturbance ,2021,20-Jun-21,c,7,march,Fallopia_convolvulus,8,M_Crawley,
Pound Hill Disturbance ,2021,20-Jun-21,d,10,march,Fallopia_convolvulus,5,M_Crawley,
Pound Hill Disturbance ,2021,20-Jun-21,a,2,may,Fallopia_convolvulus,20,M_Crawley,
Pound Hill Disturbance ,2021,20-Jun-21,b,4,may,Fallopia_convolvulus,10,M_Crawley,
Pound Hill Disturbance ,2021,20-Jun-21,c,9,may,Fallopia_convolvulus,15,M_Crawley,
Pound Hill Disturbance ,2021,20-Jun-21,d,12,may,Fallopia_convolvulus,3,M_Crawley,
Pound Hill Disturbance ,2017,Jul-17,d,10,march,Festuca_rubra,0.1,M_Crawley,recorded as +
Pound Hill Disturbance ,2021,20-Jun-21,b,5,march,Festuca_rubra,0.1,M_Crawley,recorded as +
Pound Hill Disturbance ,2014,Sep-14,a,2,may,Galinsoga_parviflora,2,M_Crawley,
Pound Hill Disturbance ,2017,Jul-17,a,2,may,Galinsoga_parviflora,1,M_Crawley,
Pound Hill Disturbance ,2019,Jul-19,a,2,may,Galinsoga_parviflora,1,M_Crawley,
Pound Hill Disturbance ,2020,Aug-20,a,2,may,Galinsoga_parviflora,6,M_Crawley,
Pound Hill Disturbance ,2014,Sep-14,b,4,may,Galinsoga_parviflora,1,M_Crawley,
Pound Hill Disturbance ,2017,Jul-17,b,4,may,Galinsoga_parviflora,3,M_Crawley,
Pound Hill Disturbance ,2019,Jul-19,b,4,may,Galinsoga_parviflora,1,M_Crawley,
Pound Hill Disturbance ,2020,Aug-20,b,4,may,Galinsoga_parviflora,1,M_Crawley,
Pound Hill Disturbance ,2014,Sep-14,c,9,may,Galinsoga_parviflora,1,M_Crawley,
Pound Hill Disturbance ,2017,Jul-17,c,9,may,Galinsoga_parviflora,5,M_Crawley,
Pound Hill Disturbance ,2019,Jul-19,c,9,may,Galinsoga_parviflora,3,M_Crawley,
Pound Hill Disturbance ,2014,Sep-14,d,12,may,Galinsoga_parviflora,10,M_Crawley,
Pound Hill Disturbance ,2017,Jul-17,d,12,may,Galinsoga_parviflora,1,M_Crawley,
Pound Hill Disturbance ,2019,Jul-19,d,12,may,Galinsoga_parviflora,5,M_Crawley,
Pound Hill Disturbance ,2021,20-Jun-21,a,2,may,Galinsoga_parviflora,5,M_Crawley,
Pound Hill Disturbance ,2021,20-Jun-21,b,4,may,Galinsoga_parviflora,2,M_Crawley,
Pound Hill Disturbance ,2021,20-Jun-21,c,9,may,Galinsoga_parviflora,15,M_Crawley,
Pound Hill Disturbance ,2021,20-Jun-21,d,12,may,Galinsoga_parviflora,45,M_Crawley,
Pound Hill Disturbance ,2014,Sep-14,a,2,may,Geranium_molle,1,M_Crawley,
Pound Hill Disturbance ,2014,Sep-14,b,4,may,Geranium_molle,1,M_Crawley,
Pound Hill Disturbance ,2014,Sep-14,c,9,may,Geranium_molle,1,M_Crawley,
Pound Hill Disturbance ,2014,Sep-14,d,12,may,Geranium_molle,0.2,M_Crawley,recorded as ++
Pound Hill Disturbance ,2021,20-Jun-21,b,4,may,Geranium_molle,0.1,M_Crawley,recorded as +
Pound Hill Disturbance ,2021,20-Jun-21,c,9,may,Geranium_molle,0.1,M_Crawley,recorded as +
Pound Hill Disturbance ,2016,Jul-16,a,1,october,Heracleum_sphondylium,0.1,M_Crawley,recorded as +
Pound Hill Disturbance ,2017,Jul-17,a,1,october,Heracleum_sphondylium,2,M_Crawley,
Pound Hill Disturbance ,2019,Jul-19,a,1,october,Heracleum_sphondylium,0.1,M_Crawley,recorded as +
Pound Hill Disturbance ,2020,Aug-20,a,1,october,Heracleum_sphondylium,2,M_Crawley,
Pound Hill Disturbance ,2021,20-Jun-21,a,1,october,Heracleum_sphondylium,1,M_Crawley,
Pound Hill Disturbance ,2017,Jul-17,a,2,may,Holcus_lanatus,40,M_Crawley,
Pound Hill Disturbance ,2017,Jul-17,a,3,march,Holcus_lanatus,55,M_Crawley,
Pound Hill Disturbance ,2017,Jul-17,b,4,may,Holcus_lanatus,35,M_Crawley,
Pound Hill Disturbance ,2017,Jul-17,b,5,march,Holcus_lanatus,40,M_Crawley,
Pound Hill Disturbance ,2017,Jul-17,c,7,march,Holcus_lanatus,30,M_Crawley,
Pound Hill Disturbance ,2017,Jul-17,c,9,may,Holcus_lanatus,20,M_Crawley,
Pound Hill Disturbance ,2017,Jul-17,d,10,march,Holcus_lanatus,40,M_Crawley,
Pound Hill Disturbance ,2016,Jul-16,d,12,may,Holcus_lanatus,0.1,M_Crawley,recorded as +
Pound Hill Disturbance ,2017,Jul-17,d,12,may,Holcus_lanatus,20,M_Crawley,
Pound Hill Disturbance ,2016,Jul-16,a,1,october,Holcus_mollis,85,M_Crawley,
Pound Hill Disturbance ,2017,Jul-17,a,1,october,Holcus_mollis,85,M_Crawley,
Pound Hill Disturbance ,2019,Jul-19,a,1,october,Holcus_mollis,85,M_Crawley,
Pound Hill Disturbance ,2020,Aug-20,a,1,october,Holcus_mollis,60,M_Crawley,
Pound Hill Disturbance ,2014,Sep-14,a,2,may,Holcus_mollis,35,M_Crawley,
Pound Hill Disturbance ,2020,Aug-20,a,2,may,Holcus_mollis,2,M_Crawley,
Pound Hill Disturbance ,2016,Jul-16,a,3,march,Holcus_mollis,35,M_Crawley,
Pound Hill Disturbance ,2020,Aug-20,a,3,march,Holcus_mollis,20,M_Crawley,
Pound Hill Disturbance ,2014,Sep-14,b,4,may,Holcus_mollis,25,M_Crawley,
Pound Hill Disturbance ,2016,Jul-16,b,5,march,Holcus_mollis,40,M_Crawley,
Pound Hill Disturbance ,2020,Aug-20,b,5,march,Holcus_mollis,2,M_Crawley,
Pound Hill Disturbance ,2016,Jul-16,b,6,october,Holcus_mollis,80,M_Crawley,
Pound Hill Disturbance ,2017,Jul-17,b,6,october,Holcus_mollis,85,M_Crawley,
Pound Hill Disturbance ,2019,Jul-19,b,6,october,Holcus_mollis,35,M_Crawley,
Pound Hill Disturbance ,2020,Aug-20,b,6,october,Holcus_mollis,35,M_Crawley,
Pound Hill Disturbance ,2016,Jul-16,c,7,march,Holcus_mollis,35,M_Crawley,
Pound Hill Disturbance ,2020,Aug-20,c,7,march,Holcus_mollis,5,M_Crawley,
Pound Hill Disturbance ,2016,Jul-16,c,8,october,Holcus_mollis,90,M_Crawley,
Pound Hill Disturbance ,2017,Jul-17,c,8,october,Holcus_mollis,90,M_Crawley,
Pound Hill Disturbance ,2019,Jul-19,c,8,october,Holcus_mollis,40,M_Crawley,
Pound Hill Disturbance ,2020,Aug-20,c,8,october,Holcus_mollis,45,M_Crawley,
Pound Hill Disturbance ,2014,Sep-14,c,9,may,Holcus_mollis,10,M_Crawley,
Pound Hill Disturbance ,2016,Jul-16,d,10,march,Holcus_mollis,25,M_Crawley,
Pound Hill Disturbance ,2020,Aug-20,d,10,march,Holcus_mollis,20,M_Crawley,
Pound Hill Disturbance ,2016,Jul-16,d,11,october,Holcus_mollis,45,M_Crawley,
Pound Hill Disturbance ,2017,Jul-17,d,11,october,Holcus_mollis,80,M_Crawley,
Pound Hill Disturbance ,2019,Jul-19,d,11,october,Holcus_mollis,50,M_Crawley,
Pound Hill Disturbance ,2020,Aug-20,d,11,october,Holcus_mollis,40,M_Crawley,
Pound Hill Disturbance ,2014,Sep-14,d,12,may,Holcus_mollis,15,M_Crawley,
Pound Hill Disturbance ,2020,Aug-20,d,12,may,Holcus_mollis,0.1,M_Crawley,recorded as +
Pound Hill Disturbance ,2021,20-Jun-21,a,3,march,Holcus_mollis,10,M_Crawley,
Pound Hill Disturbance ,2021,20-Jun-21,b,5,march,Holcus_mollis,12,M_Crawley,
Pound Hill Disturbance ,2021,20-Jun-21,c,7,march,Holcus_mollis,2,M_Crawley,
Pound Hill Disturbance ,2021,20-Jun-21,d,10,march,Holcus_mollis,8,M_Crawley,
Pound Hill Disturbance ,2021,20-Jun-21,a,2,may,Holcus_mollis,15,M_Crawley,
Pound Hill Disturbance ,2021,20-Jun-21,b,4,may,Holcus_mollis,5,M_Crawley,
Pound Hill Disturbance ,2021,20-Jun-21,c,9,may,Holcus_mollis,2,M_Crawley,
Pound Hill Disturbance ,2021,20-Jun-21,d,12,may,Holcus_mollis,15,M_Crawley,
Pound Hill Disturbance ,2021,20-Jun-21,a,1,october,Holcus_mollis,70,M_Crawley,
Pound Hill Disturbance ,2021,20-Jun-21,b,6,october,Holcus_mollis,70,M_Crawley,
Pound Hill Disturbance ,2021,20-Jun-21,c,8,october,Holcus_mollis,75,M_Crawley,
Pound Hill Disturbance ,2021,20-Jun-21,d,11,october,Holcus_mollis,80,M_Crawley,
Pound Hill Disturbance ,2016,Jul-16,a,1,october,Hypericum_perforatum,0.1,M_Crawley,recorded as +
Pound Hill Disturbance ,2017,Jul-17,a,1,october,Hypericum_perforatum,1,M_Crawley,
Pound Hill Disturbance ,2020,Aug-20,a,1,october,Hypericum_perforatum,2,M_Crawley,
Pound Hill Disturbance ,2017,Jul-17,b,6,october,Hypericum_perforatum,0.2,M_Crawley,recorded as ++
Pound Hill Disturbance ,2017,Jul-17,c,8,october,Hypericum_perforatum,2,M_Crawley,
Pound Hill Disturbance ,2020,Aug-20,c,8,october,Hypericum_perforatum,0.1,M_Crawley,recorded as +
Pound Hill Disturbance ,2017,Jul-17,d,11,october,Hypericum_perforatum,0.2,M_Crawley,recorded as ++
Pound Hill Disturbance ,2020,Aug-20,d,11,october,Hypericum_perforatum,0.1,M_Crawley,recorded as +
Pound Hill Disturbance ,2021,20-Jun-21,a,1,october,Hypericum_perforatum,1,M_Crawley,
Pound Hill Disturbance ,2021,20-Jun-21,b,6,october,Hypericum_perforatum,0.1,M_Crawley,recorded as +
Pound Hill Disturbance ,2021,20-Jun-21,c,8,october,Hypericum_perforatum,0.1,M_Crawley,recorded as +
Pound Hill Disturbance ,2021,20-Jun-21,d,11,october,Hypericum_perforatum,0.1,M_Crawley,recorded as +
Pound Hill Disturbance ,2016,Jul-16,a,3,march,Hypochaeris_radicata,1,M_Crawley,
Pound Hill Disturbance ,2014,Sep-14,b,4,may,Hypochaeris_radicata,0.2,M_Crawley,recorded as ++
Pound Hill Disturbance ,2016,Jul-16,b,4,may,Hypochaeris_radicata,0.1,M_Crawley,recorded as +
Pound Hill Disturbance ,2017,Jul-17,b,4,may,Hypochaeris_radicata,0.1,M_Crawley,recorded as +
Pound Hill Disturbance ,2016,Jul-16,b,5,march,Hypochaeris_radicata,0.1,M_Crawley,recorded as +
Pound Hill Disturbance ,2016,Jul-16,c,7,march,Hypochaeris_radicata,0.1,M_Crawley,recorded as +
Pound Hill Disturbance ,2017,Jul-17,c,8,october,Hypochaeris_radicata,0.1,M_Crawley,recorded as +
Pound Hill Disturbance ,2021,20-Jun-21,a,2,may,Hypochaeris_radicata,1,M_Crawley,
Pound Hill Disturbance ,2021,20-Jun-21,b,4,may,Hypochaeris_radicata,0.1,M_Crawley,recorded as +
Pound Hill Disturbance ,2021,20-Jun-21,c,9,may,Hypochaeris_radicata,0.1,M_Crawley,recorded as +
Pound Hill Disturbance ,2021,20-Jun-21,d,12,may,Hypochaeris_radicata,0.1,M_Crawley,recorded as +
Pound Hill Disturbance ,2017,Jul-17,a,1,october,Jacobaea_vulgaris,1,M_Crawley,
Pound Hill Disturbance ,2016,Jul-16,a,3,march,Jacobaea_vulgaris,0.1,M_Crawley,recorded as +
Pound Hill Disturbance ,2014,Sep-14,c,9,may,Lactuca_serriola,0.1,M_Crawley,recorded as +
Pound Hill Disturbance ,2014,Sep-14,a,2,may,Lamium_amplexicaule,1,M_Crawley,
Pound Hill Disturbance ,2017,Jul-17,a,2,may,Lamium_amplexicaule,0.1,M_Crawley,recorded as +
Pound Hill Disturbance ,2019,Jul-19,a,2,may,Lamium_amplexicaule,0.3,M_Crawley,recorded as +++
Pound Hill Disturbance ,2020,Aug-20,a,2,may,Lamium_amplexicaule,2,M_Crawley,
Pound Hill Disturbance ,2017,Jul-17,d,12,may,Lamium_amplexicaule,0.1,M_Crawley,recorded as +
Pound Hill Disturbance ,2021,20-Jun-21,a,2,may,Lamium_amplexicaule,8,M_Crawley,
Pound Hill Disturbance ,2021,20-Jun-21,b,4,may,Lamium_amplexicaule,8,M_Crawley,
Pound Hill Disturbance ,2021,20-Jun-21,c,9,may,Lamium_amplexicaule,2,M_Crawley,
Pound Hill Disturbance ,2021,20-Jun-21,d,12,may,Lamium_amplexicaule,8,M_Crawley,
Pound Hill Disturbance ,2019,Jul-19,a,1,october,Lapsana_communis,1,M_Crawley,
Pound Hill Disturbance ,2017,Jul-17,b,5,march,Lolium_perenne,0.1,M_Crawley,recorded as +
Pound Hill Disturbance ,2021,20-Jun-21,a,3,march,Matricaria_chamomilla,1,M_Crawley,
Pound Hill Disturbance ,2014,Sep-14,a,2,may,Medicago_lupulina,0.1,M_Crawley,recorded as +
Pound Hill Disturbance ,2016,Jul-16,a,3,march,Medicago_lupulina,40,M_Crawley,
Pound Hill Disturbance ,2016,Jul-16,b,5,march,Medicago_lupulina,40,M_Crawley,
Pound Hill Disturbance ,2016,Jul-16,b,6,october,Medicago_lupulina,15,M_Crawley,
Pound Hill Disturbance ,2016,Jul-16,c,7,march,Medicago_lupulina,35,M_Crawley,
Pound Hill Disturbance ,2016,Jul-16,d,10,march,Medicago_lupulina,60,M_Crawley,
Pound Hill Disturbance ,2017,Jul-17,a,1,october,Myosotis_arvensis,1,M_Crawley,
Pound Hill Disturbance ,2019,Jul-19,a,1,october,Myosotis_arvensis,5,M_Crawley,
Pound Hill Disturbance ,2016,Jul-16,c,8,october,Myosotis_arvensis,0.1,M_Crawley,recorded as +
Pound Hill Disturbance ,2017,Jul-17,c,8,october,Myosotis_arvensis,1,M_Crawley,
Pound Hill Disturbance ,2021,20-Jun-21,a,1,october,Myosotis_arvensis,1,M_Crawley,
Pound Hill Disturbance ,2021,20-Jun-21,b,6,october,Myosotis_arvensis,1,M_Crawley,
Pound Hill Disturbance ,2021,20-Jun-21,c,8,october,Myosotis_arvensis,1,M_Crawley,
Pound Hill Disturbance ,2021,20-Jun-21,d,11,october,Myosotis_arvensis,1,M_Crawley,
Pound Hill Disturbance ,2014,Sep-14,d,12,may,Panicum_miliaceum,0.1,M_Crawley,recorded as +
Pound Hill Disturbance ,2017,Jul-17,a,1,october,Papaver_dubium_dubium,2,M_Crawley,
Pound Hill Disturbance ,2019,Jul-19,a,1,october,Papaver_dubium_dubium,10,M_Crawley,
Pound Hill Disturbance ,2017,Jul-17,a,3,march,Papaver_dubium_dubium,0.1,M_Crawley,recorded as +
Pound Hill Disturbance ,2016,Jul-16,b,5,march,Papaver_dubium_dubium,0.1,M_Crawley,recorded as +
Pound Hill Disturbance ,2017,Jul-17,b,6,october,Papaver_dubium_dubium,10,M_Crawley,
Pound Hill Disturbance ,2019,Jul-19,b,6,october,Papaver_dubium_dubium,10,M_Crawley,
Pound Hill Disturbance ,2017,Jul-17,c,7,march,Papaver_dubium_dubium,0.3,M_Crawley,recorded as +++
Pound Hill Disturbance ,2016,Jul-16,c,8,october,Papaver_dubium_dubium,0.1,M_Crawley,recorded as +
Pound Hill Disturbance ,2017,Jul-17,c,8,october,Papaver_dubium_dubium,3,M_Crawley,
Pound Hill Disturbance ,2019,Jul-19,c,8,october,Papaver_dubium_dubium,5,M_Crawley,
Pound Hill Disturbance ,2016,Jul-16,d,10,march,Papaver_dubium_dubium,0.2,M_Crawley,recorded as ++
Pound Hill Disturbance ,2017,Jul-17,d,11,october,Papaver_dubium_dubium,0.2,M_Crawley,recorded as ++
Pound Hill Disturbance ,2019,Jul-19,d,11,october,Papaver_dubium_dubium,1,M_Crawley,
Pound Hill Disturbance ,2021,20-Jun-21,a,3,march,Papaver_dubium_dubium,1,M_Crawley,
Pound Hill Disturbance ,2021,20-Jun-21,b,5,march,Papaver_dubium_dubium,1,M_Crawley,
Pound Hill Disturbance ,2021,20-Jun-21,c,7,march,Papaver_dubium_dubium,2,M_Crawley,
Pound Hill Disturbance ,2021,20-Jun-21,d,10,march,Papaver_dubium_dubium,5,M_Crawley,
Pound Hill Disturbance ,2021,20-Jun-21,a,2,may,Papaver_dubium_dubium,0.1,M_Crawley,recorded as +
Pound Hill Disturbance ,2021,20-Jun-21,b,4,may,Papaver_dubium_dubium,0.1,M_Crawley,recorded as +
Pound Hill Disturbance ,2021,20-Jun-21,c,9,may,Papaver_dubium_dubium,0.2,M_Crawley,recorded as ++
Pound Hill Disturbance ,2021,20-Jun-21,a,1,october,Papaver_dubium_dubium,2,M_Crawley,
Pound Hill Disturbance ,2021,20-Jun-21,b,6,october,Papaver_dubium_dubium,1,M_Crawley,
Pound Hill Disturbance ,2021,20-Jun-21,c,8,october,Papaver_dubium_dubium,1,M_Crawley,
Pound Hill Disturbance ,2021,20-Jun-21,d,11,october,Papaver_dubium_dubium,2,M_Crawley,
Pound Hill Disturbance ,2019,Jul-19,a,1,october,Papaver_rhoeas,1,M_Crawley,
Pound Hill Disturbance ,2014,Sep-14,a,2,may,Persicaria_lapathifolia,3,M_Crawley,
Pound Hill Disturbance ,2017,Jul-17,a,2,may,Persicaria_lapathifolia,0.1,M_Crawley,recorded as +
Pound Hill Disturbance ,2014,Sep-14,c,9,may,Persicaria_maculosa,0.1,M_Crawley,recorded as +
Pound Hill Disturbance ,2014,Sep-14,d,12,may,Persicaria_maculosa,0.2,M_Crawley,recorded as ++
Pound Hill Disturbance ,2021,20-Jun-21,a,1,october,Phleum_bertolonii,1,M_Crawley,
Pound Hill Disturbance ,2019,Jul-19,a,1,october,Plantago_lanceolata,1,M_Crawley,
Pound Hill Disturbance ,2016,Jul-16,a,3,march,Plantago_lanceolata,1,M_Crawley,
Pound Hill Disturbance ,2019,Jul-19,b,4,may,Plantago_lanceolata,0.1,M_Crawley,recorded as +
Pound Hill Disturbance ,2016,Jul-16,b,5,march,Plantago_lanceolata,0.1,M_Crawley,recorded as +
Pound Hill Disturbance ,2016,Jul-16,b,6,october,Plantago_lanceolata,2,M_Crawley,
Pound Hill Disturbance ,2017,Jul-17,b,6,october,Plantago_lanceolata,10,M_Crawley,
Pound Hill Disturbance ,2019,Jul-19,b,6,october,Plantago_lanceolata,15,M_Crawley,
Pound Hill Disturbance ,2020,Aug-20,b,6,october,Plantago_lanceolata,20,M_Crawley,
Pound Hill Disturbance ,2016,Jul-16,c,7,march,Plantago_lanceolata,2,M_Crawley,
Pound Hill Disturbance ,2017,Jul-17,c,7,march,Plantago_lanceolata,0.2,M_Crawley,recorded as ++
Pound Hill Disturbance ,2020,Aug-20,c,7,march,Plantago_lanceolata,1,M_Crawley,
Pound Hill Disturbance ,2016,Jul-16,c,8,october,Plantago_lanceolata,2,M_Crawley,
Pound Hill Disturbance ,2017,Jul-17,c,8,october,Plantago_lanceolata,0.1,M_Crawley,recorded as +
Pound Hill Disturbance ,2019,Jul-19,c,8,october,Plantago_lanceolata,10,M_Crawley,
Pound Hill Disturbance ,2020,Aug-20,c,8,october,Plantago_lanceolata,8,M_Crawley,
Pound Hill Disturbance ,2020,Aug-20,d,10,march,Plantago_lanceolata,0.1,M_Crawley,recorded as +
Pound Hill Disturbance ,2016,Jul-16,d,11,october,Plantago_lanceolata,1,M_Crawley,
Pound Hill Disturbance ,2017,Jul-17,d,11,october,Plantago_lanceolata,0.1,M_Crawley,recorded as +
Pound Hill Disturbance ,2019,Jul-19,d,11,october,Plantago_lanceolata,10,M_Crawley,
Pound Hill Disturbance ,2020,Aug-20,d,11,october,Plantago_lanceolata,8,M_Crawley,
Pound Hill Disturbance ,2021,20-Jun-21,a,3,march,Plantago_lanceolata,2,M_Crawley,
Pound Hill Disturbance ,2021,20-Jun-21,b,5,march,Plantago_lanceolata,5,M_Crawley,
Pound Hill Disturbance ,2021,20-Jun-21,c,7,march,Plantago_lanceolata,2,M_Crawley,
Pound Hill Disturbance ,2021,20-Jun-21,d,10,march,Plantago_lanceolata,2,M_Crawley,
Pound Hill Disturbance ,2021,20-Jun-21,b,6,october,Plantago_lanceolata,3,M_Crawley,
Pound Hill Disturbance ,2021,20-Jun-21,c,8,october,Plantago_lanceolata,3,M_Crawley,
Pound Hill Disturbance ,2021,20-Jun-21,d,11,october,Plantago_lanceolata,5,M_Crawley,
Pound Hill Disturbance ,2021,20-Jun-21,a,3,march,Polygonum_aviculare,1,M_Crawley,
Pound Hill Disturbance ,2021,20-Jun-21,b,5,march,Polygonum_aviculare,1,M_Crawley,
Pound Hill Disturbance ,2021,20-Jun-21,d,10,march,Polygonum_aviculare,2,M_Crawley,
Pound Hill Disturbance ,2014,Sep-14,a,2,may,Polygonum_rurivagum,1,M_Crawley,
Pound Hill Disturbance ,2017,Jul-17,b,5,march,Polygonum_rurivagum,1,M_Crawley,
Pound Hill Disturbance ,2017,Jul-17,b,6,october,Polygonum_rurivagum,1,M_Crawley,
Pound Hill Disturbance ,2017,Jul-17,c,7,march,Polygonum_rurivagum,1,M_Crawley,
Pound Hill Disturbance ,2017,Jul-17,c,8,october,Polygonum_rurivagum,1,M_Crawley,
Pound Hill Disturbance ,2021,20-Jun-21,b,6,october,Prunus_sp.,0.1,M_Crawley,"seedling, recorded as +"
Pound Hill Disturbance ,2017,Jul-17,b,6,october,Quercus_robur,0.1,M_Crawley,recorded as +
Pound Hill Disturbance ,2017,Jul-17,c,7,march,Quercus_robur,0.1,M_Crawley,recorded as +
Pound Hill Disturbance ,2016,Jul-16,c,9,may,Quercus_robur,0.1,M_Crawley,recorded as +
Pound Hill Disturbance ,2017,Jul-17,d,11,october,Quercus_robur,0.1,M_Crawley,recorded as +
Pound Hill Disturbance ,2021,20-Jun-21,a,1,october,Quercus_robur,1,M_Crawley,seedling
Pound Hill Disturbance ,2021,20-Jun-21,b,6,october,Quercus_robur,1,M_Crawley,seedling
Pound Hill Disturbance ,2021,20-Jun-21,c,8,october,Quercus_robur,1,M_Crawley,seedling
Pound Hill Disturbance ,2021,20-Jun-21,d,11,october,Quercus_robur,1,M_Crawley,seedling
Pound Hill Disturbance ,2016,Jul-16,a,1,october,Ranunculus_repens,1,M_Crawley,
Pound Hill Disturbance ,2020,Aug-20,a,1,october,Ranunculus_repens,4,M_Crawley,
Pound Hill Disturbance ,2021,20-Jun-21,a,1,october,Ranunculus_repens,0.1,M_Crawley,recorded as +
Pound Hill Disturbance ,2016,Jul-16,a,2,may,Raphanus_raphanistrum_raphanistrum,5,M_Crawley,
Pound Hill Disturbance ,2017,Jul-17,a,2,may,Raphanus_raphanistrum_raphanistrum,2,M_Crawley,
Pound Hill Disturbance ,2019,Jul-19,a,2,may,Raphanus_raphanistrum_raphanistrum,1,M_Crawley,
Pound Hill Disturbance ,2016,Jul-16,a,3,march,Raphanus_raphanistrum_raphanistrum,5,M_Crawley,
Pound Hill Disturbance ,2017,Jul-17,a,3,march,Raphanus_raphanistrum_raphanistrum,2,M_Crawley,
Pound Hill Disturbance ,2020,Aug-20,a,3,march,Raphanus_raphanistrum_raphanistrum,5,M_Crawley,
Pound Hill Disturbance ,2016,Jul-16,b,4,may,Raphanus_raphanistrum_raphanistrum,1,M_Crawley,
Pound Hill Disturbance ,2017,Jul-17,b,4,may,Raphanus_raphanistrum_raphanistrum,1,M_Crawley,
Pound Hill Disturbance ,2019,Jul-19,b,4,may,Raphanus_raphanistrum_raphanistrum,0.1,M_Crawley,recorded as +
Pound Hill Disturbance ,2017,Jul-17,b,5,march,Raphanus_raphanistrum_raphanistrum,1,M_Crawley,
Pound Hill Disturbance ,2016,Jul-16,c,7,march,Raphanus_raphanistrum_raphanistrum,4,M_Crawley,
Pound Hill Disturbance ,2017,Jul-17,c,7,march,Raphanus_raphanistrum_raphanistrum,5,M_Crawley,
Pound Hill Disturbance ,2016,Jul-16,c,9,may,Raphanus_raphanistrum_raphanistrum,0.1,M_Crawley,recorded as +
Pound Hill Disturbance ,2017,Jul-17,c,9,may,Raphanus_raphanistrum_raphanistrum,1,M_Crawley,
Pound Hill Disturbance ,2020,Aug-20,c,9,may,Raphanus_raphanistrum_raphanistrum,1,M_Crawley,
Pound Hill Disturbance ,2016,Jul-16,d,10,march,Raphanus_raphanistrum_raphanistrum,0.2,M_Crawley,recorded as ++
Pound Hill Disturbance ,2017,Jul-17,d,10,march,Raphanus_raphanistrum_raphanistrum,8,M_Crawley,
Pound Hill Disturbance ,2020,Aug-20,d,10,march,Raphanus_raphanistrum_raphanistrum,2,M_Crawley,
Pound Hill Disturbance ,2016,Jul-16,d,12,may,Raphanus_raphanistrum_raphanistrum,0.2,M_Crawley,recorded as ++
Pound Hill Disturbance ,2017,Jul-17,d,12,may,Raphanus_raphanistrum_raphanistrum,1,M_Crawley,
Pound Hill Disturbance ,2020,Aug-20,d,12,may,Raphanus_raphanistrum_raphanistrum,1,M_Crawley,
Pound Hill Disturbance ,2021,20-Jun-21,a,3,march,Raphanus_raphanistrum_raphanistrum,15,M_Crawley,
Pound Hill Disturbance ,2021,20-Jun-21,b,5,march,Raphanus_raphanistrum_raphanistrum,8,M_Crawley,
Pound Hill Disturbance ,2021,20-Jun-21,c,7,march,Raphanus_raphanistrum_raphanistrum,5,M_Crawley,
Pound Hill Disturbance ,2021,20-Jun-21,d,10,march,Raphanus_raphanistrum_raphanistrum,10,M_Crawley,
Pound Hill Disturbance ,2021,20-Jun-21,a,2,may,Raphanus_raphanistrum_raphanistrum,10,M_Crawley,
Pound Hill Disturbance ,2021,20-Jun-21,b,4,may,Raphanus_raphanistrum_raphanistrum,5,M_Crawley,
Pound Hill Disturbance ,2021,20-Jun-21,c,9,may,Raphanus_raphanistrum_raphanistrum,5,M_Crawley,
Pound Hill Disturbance ,2021,20-Jun-21,d,12,may,Raphanus_raphanistrum_raphanistrum,2,M_Crawley,
Pound Hill Disturbance ,2017,Jul-17,a,2,may,Rumex_acetosa,1,M_Crawley,
Pound Hill Disturbance ,2017,Jul-17,d,12,may,Rumex_acetosa,0.1,M_Crawley,recorded as +
Pound Hill Disturbance ,2019,Jul-19,d,12,may,Rumex_acetosa,0.1,M_Crawley,recorded as +
Pound Hill Disturbance ,2021,20-Jun-21,a,1,october,Rumex_acetosa,0.1,M_Crawley,recorded as +
Pound Hill Disturbance ,2017,Jul-17,a,1,october,Rumex_acetosella,1,M_Crawley,
Pound Hill Disturbance ,2019,Jul-19,a,1,october,Rumex_acetosella,15,M_Crawley,
Pound Hill Disturbance ,2020,Aug-20,a,1,october,Rumex_acetosella,12,M_Crawley,
Pound Hill Disturbance ,2014,Sep-14,a,2,may,Rumex_acetosella,5,M_Crawley,
Pound Hill Disturbance ,2017,Jul-17,a,2,may,Rumex_acetosella,5,M_Crawley,
Pound Hill Disturbance ,2016,Jul-16,a,3,march,Rumex_acetosella,1,M_Crawley,
Pound Hill Disturbance ,2017,Jul-17,a,3,march,Rumex_acetosella,5,M_Crawley,
Pound Hill Disturbance ,2014,Sep-14,b,4,may,Rumex_acetosella,15,M_Crawley,
Pound Hill Disturbance ,2019,Jul-19,b,4,may,Rumex_acetosella,0.1,M_Crawley,recorded as +
Pound Hill Disturbance ,2017,Jul-17,b,6,october,Rumex_acetosella,10,M_Crawley,
Pound Hill Disturbance ,2019,Jul-19,b,6,october,Rumex_acetosella,10,M_Crawley,
Pound Hill Disturbance ,2020,Aug-20,b,6,october,Rumex_acetosella,15,M_Crawley,
Pound Hill Disturbance ,2016,Jul-16,c,7,march,Rumex_acetosella,0.1,M_Crawley,recorded as +
Pound Hill Disturbance ,2017,Jul-17,c,7,march,Rumex_acetosella,10,M_Crawley,
Pound Hill Disturbance ,2016,Jul-16,c,8,october,Rumex_acetosella,5,M_Crawley,
Pound Hill Disturbance ,2017,Jul-17,c,8,october,Rumex_acetosella,5,M_Crawley,
Pound Hill Disturbance ,2019,Jul-19,c,8,october,Rumex_acetosella,20,M_Crawley,
Pound Hill Disturbance ,2020,Aug-20,c,8,october,Rumex_acetosella,3,M_Crawley,
Pound Hill Disturbance ,2014,Sep-14,c,9,may,Rumex_acetosella,8,M_Crawley,
Pound Hill Disturbance ,2016,Jul-16,c,9,may,Rumex_acetosella,0.1,M_Crawley,recorded as +
Pound Hill Disturbance ,2017,Jul-17,d,10,march,Rumex_acetosella,5,M_Crawley,
Pound Hill Disturbance ,2016,Jul-16,d,11,october,Rumex_acetosella,0.1,M_Crawley,recorded as +
Pound Hill Disturbance ,2017,Jul-17,d,11,october,Rumex_acetosella,10,M_Crawley,
Pound Hill Disturbance ,2019,Jul-19,d,11,october,Rumex_acetosella,0.2,M_Crawley,recorded as ++
Pound Hill Disturbance ,2020,Aug-20,d,11,october,Rumex_acetosella,10,M_Crawley,
Pound Hill Disturbance ,2014,Sep-14,d,12,may,Rumex_acetosella,8,M_Crawley,
Pound Hill Disturbance ,2016,Jul-16,d,12,may,Rumex_acetosella,1,M_Crawley,
Pound Hill Disturbance ,2017,Jul-17,d,12,may,Rumex_acetosella,0.1,M_Crawley,recorded as +
Pound Hill Disturbance ,2021,20-Jun-21,a,2,may,Rumex_acetosella,20,M_Crawley,
Pound Hill Disturbance ,2021,20-Jun-21,b,4,may,Rumex_acetosella,15,M_Crawley,
Pound Hill Disturbance ,2021,20-Jun-21,c,9,may,Rumex_acetosella,5,M_Crawley,
Pound Hill Disturbance ,2021,20-Jun-21,d,12,may,Rumex_acetosella,10,M_Crawley,
Pound Hill Disturbance ,2021,20-Jun-21,a,1,october,Rumex_acetosella,15,M_Crawley,
Pound Hill Disturbance ,2021,20-Jun-21,b,6,october,Rumex_acetosella,30,M_Crawley,
Pound Hill Disturbance ,2021,20-Jun-21,c,8,october,Rumex_acetosella,15,M_Crawley,
Pound Hill Disturbance ,2021,20-Jun-21,d,11,october,Rumex_acetosella,20,M_Crawley,
Pound Hill Disturbance ,2016,Jul-16,a,1,october,Rumex_crispus,0.2,M_Crawley,recorded as ++
Pound Hill Disturbance ,2017,Jul-17,a,1,october,Rumex_crispus,2,M_Crawley,
Pound Hill Disturbance ,2019,Jul-19,a,1,october,Rumex_crispus,1,M_Crawley,
Pound Hill Disturbance ,2014,Sep-14,a,2,may,Rumex_crispus,0.1,M_Crawley,recorded as +
Pound Hill Disturbance ,2016,Jul-16,a,2,may,Rumex_crispus,15,M_Crawley,
Pound Hill Disturbance ,2017,Jul-17,a,2,may,Rumex_crispus,1,M_Crawley,
Pound Hill Disturbance ,2019,Jul-19,a,2,may,Rumex_crispus,2,M_Crawley,
Pound Hill Disturbance ,2020,Aug-20,a,2,may,Rumex_crispus,2,M_Crawley,
Pound Hill Disturbance ,2016,Jul-16,a,3,march,Rumex_crispus,8,M_Crawley,
Pound Hill Disturbance ,2017,Jul-17,a,3,march,Rumex_crispus,10,M_Crawley,
Pound Hill Disturbance ,2020,Aug-20,a,3,march,Rumex_crispus,1,M_Crawley,
Pound Hill Disturbance ,2016,Jul-16,b,4,may,Rumex_crispus,5,M_Crawley,
Pound Hill Disturbance ,2017,Jul-17,b,4,may,Rumex_crispus,0.1,M_Crawley,recorded as +
Pound Hill Disturbance ,2019,Jul-19,b,4,may,Rumex_crispus,2,M_Crawley,
Pound Hill Disturbance ,2020,Aug-20,b,4,may,Rumex_crispus,0.1,M_Crawley,recorded as +
Pound Hill Disturbance ,2016,Jul-16,b,5,march,Rumex_crispus,10,M_Crawley,
Pound Hill Disturbance ,2017,Jul-17,b,5,march,Rumex_crispus,10,M_Crawley,
Pound Hill Disturbance ,2020,Aug-20,b,5,march,Rumex_crispus,1,M_Crawley,
Pound Hill Disturbance ,2016,Jul-16,b,6,october,Rumex_crispus,0.1,M_Crawley,recorded as +
Pound Hill Disturbance ,2016,Jul-16,c,7,march,Rumex_crispus,8,M_Crawley,
Pound Hill Disturbance ,2017,Jul-17,c,7,march,Rumex_crispus,20,M_Crawley,
Pound Hill Disturbance ,2020,Aug-20,c,7,march,Rumex_crispus,1,M_Crawley,
Pound Hill Disturbance ,2014,Sep-14,c,9,may,Rumex_crispus,0.1,M_Crawley,recorded as +
Pound Hill Disturbance ,2016,Jul-16,c,9,may,Rumex_crispus,0.3,M_Crawley,recorded as +++
Pound Hill Disturbance ,2017,Jul-17,c,9,may,Rumex_crispus,0.2,M_Crawley,recorded as ++
Pound Hill Disturbance ,2019,Jul-19,c,9,may,Rumex_crispus,1,M_Crawley,
Pound Hill Disturbance ,2016,Jul-16,d,10,march,Rumex_crispus,10,M_Crawley,
Pound Hill Disturbance ,2017,Jul-17,d,10,march,Rumex_crispus,5,M_Crawley,
Pound Hill Disturbance ,2020,Aug-20,d,10,march,Rumex_crispus,0.1,M_Crawley,recorded as +
Pound Hill Disturbance ,2016,Jul-16,d,12,may,Rumex_crispus,0.2,M_Crawley,recorded as ++
Pound Hill Disturbance ,2021,20-Jun-21,a,3,march,Rumex_crispus,2,M_Crawley,
Pound Hill Disturbance ,2021,20-Jun-21,b,5,march,Rumex_crispus,1,M_Crawley,
Pound Hill Disturbance ,2021,20-Jun-21,c,7,march,Rumex_crispus,5,M_Crawley,
Pound Hill Disturbance ,2021,20-Jun-21,d,10,march,Rumex_crispus,1,M_Crawley,
Pound Hill Disturbance ,2021,20-Jun-21,a,2,may,Rumex_crispus,8,M_Crawley,
Pound Hill Disturbance ,2021,20-Jun-21,c,9,may,Rumex_crispus,3,M_Crawley,
Pound Hill Disturbance ,2021,20-Jun-21,d,12,may,Rumex_crispus,1,M_Crawley,
Pound Hill Disturbance ,2016,Jul-16,a,1,october,Rumex_obtusifolius,0.1,M_Crawley,recorded as +
Pound Hill Disturbance ,2017,Jul-17,a,3,march,Sisymbrium_officinale,1,M_Crawley,
Pound Hill Disturbance ,2017,Jul-17,d,10,march,Sisymbrium_officinale,1,M_Crawley,
Pound Hill Disturbance ,2020,Aug-20,d,10,march,Sisymbrium_officinale,0.1,M_Crawley,recorded as +
Pound Hill Disturbance ,2021,20-Jun-21,a,3,march,Sisymbrium_officinale,1,M_Crawley,
Pound Hill Disturbance ,2021,20-Jun-21,b,5,march,Sisymbrium_officinale,0.1,M_Crawley,recorded as +
Pound Hill Disturbance ,2021,20-Jun-21,d,10,march,Sisymbrium_officinale,1,M_Crawley,
Pound Hill Disturbance ,2014,Sep-14,a,2,may,Sonchus_asper,4,M_Crawley,
Pound Hill Disturbance ,2016,Jul-16,a,2,may,Sonchus_asper,1,M_Crawley,
Pound Hill Disturbance ,2016,Jul-16,a,3,march,Sonchus_asper,0.1,M_Crawley,recorded as +
Pound Hill Disturbance ,2014,Sep-14,b,4,may,Sonchus_asper,4,M_Crawley,
Pound Hill Disturbance ,2016,Jul-16,b,4,may,Sonchus_asper,0.1,M_Crawley,recorded as +
Pound Hill Disturbance ,2017,Jul-17,b,4,may,Sonchus_asper,0.3,M_Crawley,recorded as +++
Pound Hill Disturbance ,2016,Jul-16,b,5,march,Sonchus_asper,1,M_Crawley,
Pound Hill Disturbance ,2016,Jul-16,c,7,march,Sonchus_asper,1,M_Crawley,
Pound Hill Disturbance ,2014,Sep-14,c,9,may,Sonchus_asper,4,M_Crawley,
Pound Hill Disturbance ,2016,Jul-16,c,9,may,Sonchus_asper,0.1,M_Crawley,recorded as +
Pound Hill Disturbance ,2017,Jul-17,c,9,may,Sonchus_asper,0.2,M_Crawley,recorded as ++
Pound Hill Disturbance ,2019,Jul-19,c,9,may,Sonchus_asper,0.1,M_Crawley,recorded as +
Pound Hill Disturbance ,2016,Jul-16,d,10,march,Sonchus_asper,1,M_Crawley,
Pound Hill Disturbance ,2014,Sep-14,d,12,may,Sonchus_asper,2,M_Crawley,
Pound Hill Disturbance ,2017,Jul-17,d,12,may,Sonchus_asper,0.1,M_Crawley,recorded as +
Pound Hill Disturbance ,2021,20-Jun-21,a,3,march,Sonchus_asper,1,M_Crawley,
Pound Hill Disturbance ,2021,20-Jun-21,a,2,may,Sonchus_asper,1,M_Crawley,
Pound Hill Disturbance ,2021,20-Jun-21,b,4,may,Sonchus_asper,2,M_Crawley,
Pound Hill Disturbance ,2021,20-Jun-21,c,9,may,Sonchus_asper,1,M_Crawley,
Pound Hill Disturbance ,2021,20-Jun-21,d,12,may,Sonchus_asper,0.2,M_Crawley,recorded as ++
Pound Hill Disturbance ,2020,Aug-20,d,10,march,Sonchus_oleraceus,0.1,M_Crawley,recorded as +
Pound Hill Disturbance ,2021,20-Jun-21,c,9,may,Sonchus_oleraceus,0.1,M_Crawley,recorded as +
Pound Hill Disturbance ,2017,Jul-17,a,1,october,Spergula_arvensis,1,M_Crawley,
Pound Hill Disturbance ,2014,Sep-14,a,2,may,Spergula_arvensis,35,M_Crawley,
Pound Hill Disturbance ,2016,Jul-16,a,2,may,Spergula_arvensis,35,M_Crawley,
Pound Hill Disturbance ,2017,Jul-17,a,2,may,Spergula_arvensis,10,M_Crawley,
Pound Hill Disturbance ,2019,Jul-19,a,2,may,Spergula_arvensis,55,M_Crawley,
Pound Hill Disturbance ,2020,Aug-20,a,2,may,Spergula_arvensis,25,M_Crawley,
Pound Hill Disturbance ,2017,Jul-17,a,3,march,Spergula_arvensis,20,M_Crawley,
Pound Hill Disturbance ,2020,Aug-20,a,3,march,Spergula_arvensis,10,M_Crawley,
Pound Hill Disturbance ,2014,Sep-14,b,4,may,Spergula_arvensis,50,M_Crawley,
Pound Hill Disturbance ,2016,Jul-16,b,4,may,Spergula_arvensis,25,M_Crawley,
Pound Hill Disturbance ,2017,Jul-17,b,4,may,Spergula_arvensis,10,M_Crawley,
Pound Hill Disturbance ,2019,Jul-19,b,4,may,Spergula_arvensis,55,M_Crawley,
Pound Hill Disturbance ,2020,Aug-20,b,4,may,Spergula_arvensis,20,M_Crawley,
Pound Hill Disturbance ,2017,Jul-17,b,5,march,Spergula_arvensis,15,M_Crawley,
Pound Hill Disturbance ,2016,Jul-16,b,6,october,Spergula_arvensis,1,M_Crawley,
Pound Hill Disturbance ,2017,Jul-17,b,6,october,Spergula_arvensis,1,M_Crawley,
Pound Hill Disturbance ,2020,Aug-20,b,6,october,Spergula_arvensis,5,M_Crawley,
Pound Hill Disturbance ,2016,Jul-16,c,7,march,Spergula_arvensis,2,M_Crawley,
Pound Hill Disturbance ,2017,Jul-17,c,7,march,Spergula_arvensis,20,M_Crawley,
Pound Hill Disturbance ,2014,Sep-14,c,9,may,Spergula_arvensis,45,M_Crawley,
Pound Hill Disturbance ,2016,Jul-16,c,9,may,Spergula_arvensis,35,M_Crawley,
Pound Hill Disturbance ,2017,Jul-17,c,9,may,Spergula_arvensis,15,M_Crawley,
Pound Hill Disturbance ,2019,Jul-19,c,9,may,Spergula_arvensis,65,M_Crawley,
Pound Hill Disturbance ,2020,Aug-20,c,9,may,Spergula_arvensis,18,M_Crawley,
Pound Hill Disturbance ,2017,Jul-17,d,10,march,Spergula_arvensis,15,M_Crawley,
Pound Hill Disturbance ,2020,Aug-20,d,10,march,Spergula_arvensis,8,M_Crawley,
Pound Hill Disturbance ,2014,Sep-14,d,12,may,Spergula_arvensis,40,M_Crawley,
Pound Hill Disturbance ,2016,Jul-16,d,12,may,Spergula_arvensis,20,M_Crawley,
Pound Hill Disturbance ,2017,Jul-17,d,12,may,Spergula_arvensis,3,M_Crawley,
Pound Hill Disturbance ,2019,Jul-19,d,12,may,Spergula_arvensis,20,M_Crawley,
Pound Hill Disturbance ,2020,Aug-20,d,12,may,Spergula_arvensis,10,M_Crawley,
Pound Hill Disturbance ,2021,20-Jun-21,a,3,march,Spergula_arvensis,2,M_Crawley,
Pound Hill Disturbance ,2021,20-Jun-21,b,5,march,Spergula_arvensis,1,M_Crawley,
Pound Hill Disturbance ,2021,20-Jun-21,a,2,may,Spergula_arvensis,15,M_Crawley,
Pound Hill Disturbance ,2021,20-Jun-21,b,4,may,Spergula_arvensis,10,M_Crawley,
Pound Hill Disturbance ,2021,20-Jun-21,c,9,may,Spergula_arvensis,15,M_Crawley,
Pound Hill Disturbance ,2021,20-Jun-21,d,12,may,Spergula_arvensis,15,M_Crawley,
Pound Hill Disturbance ,2021,20-Jun-21,b,6,october,Spergula_arvensis,0.2,M_Crawley,recorded as ++
Pound Hill Disturbance ,2016,Jul-16,a,1,october,Stellaria_graminea,1,M_Crawley,
Pound Hill Disturbance ,2020,Aug-20,a,1,october,Stellaria_graminea,1,M_Crawley,
Pound Hill Disturbance ,2021,20-Jun-21,a,1,october,Stellaria_graminea,5,M_Crawley,
Pound Hill Disturbance ,2021,20-Jun-21,a,3,march,Trifolium_dubium,15,M_Crawley,
Pound Hill Disturbance ,2021,20-Jun-21,b,5,march,Trifolium_dubium,15,M_Crawley,
Pound Hill Disturbance ,2021,20-Jun-21,c,7,march,Trifolium_dubium,15,M_Crawley,
Pound Hill Disturbance ,2021,20-Jun-21,d,10,march,Trifolium_dubium,25,M_Crawley,
Pound Hill Disturbance ,2014,Sep-14,d,12,may,Trifolium_repens,0.1,M_Crawley,recorded as +
Pound Hill Disturbance ,2016,Jul-16,a,1,october,Tripleurospermum_inodorum,4,M_Crawley,
Pound Hill Disturbance ,2019,Jul-19,a,1,october,Tripleurospermum_inodorum,1,M_Crawley,
Pound Hill Disturbance ,2020,Aug-20,a,1,october,Tripleurospermum_inodorum,2,M_Crawley,
Pound Hill Disturbance ,2016,Jul-16,b,5,march,Tripleurospermum_inodorum,0.1,M_Crawley,recorded as +
Pound Hill Disturbance ,2016,Jul-16,b,6,october,Tripleurospermum_inodorum,0.1,M_Crawley,recorded as +
Pound Hill Disturbance ,2017,Jul-17,b,6,october,Tripleurospermum_inodorum,5,M_Crawley,
Pound Hill Disturbance ,2019,Jul-19,b,6,october,Tripleurospermum_inodorum,15,M_Crawley,
Pound Hill Disturbance ,2016,Jul-16,c,7,march,Tripleurospermum_inodorum,0.1,M_Crawley,recorded as +
Pound Hill Disturbance ,2016,Jul-16,c,8,october,Tripleurospermum_inodorum,0.3,M_Crawley,recorded as +++
Pound Hill Disturbance ,2017,Jul-17,c,8,october,Tripleurospermum_inodorum,4,M_Crawley,
Pound Hill Disturbance ,2019,Jul-19,c,8,october,Tripleurospermum_inodorum,4,M_Crawley,
Pound Hill Disturbance ,2020,Aug-20,c,8,october,Tripleurospermum_inodorum,0.1,M_Crawley,recorded as +
Pound Hill Disturbance ,2014,Sep-14,c,9,may,Tripleurospermum_inodorum,1,M_Crawley,
Pound Hill Disturbance ,2016,Jul-16,d,10,march,Tripleurospermum_inodorum,0.2,M_Crawley,recorded as ++
Pound Hill Disturbance ,2017,Jul-17,d,10,march,Tripleurospermum_inodorum,0.1,M_Crawley,recorded as +
Pound Hill Disturbance ,2016,Jul-16,d,11,october,Tripleurospermum_inodorum,2,M_Crawley,
Pound Hill Disturbance ,2017,Jul-17,d,11,october,Tripleurospermum_inodorum,5,M_Crawley,
Pound Hill Disturbance ,2019,Jul-19,d,11,october,Tripleurospermum_inodorum,8,M_Crawley,
Pound Hill Disturbance ,2014,Sep-14,d,12,may,Tripleurospermum_inodorum,1,M_Crawley,
Pound Hill Disturbance ,2020,Aug-20,a,1,october,Veronica_arvensis,1,M_Crawley,
Pound Hill Disturbance ,2016,Jul-16,c,8,october,Veronica_arvensis,1,M_Crawley,
Pound Hill Disturbance ,2019,Jul-19,c,8,october,Veronica_arvensis,10,M_Crawley,
Pound Hill Disturbance ,2021,20-Jun-21,c,8,october,Veronica_arvensis,0.1,M_Crawley,recorded as +
Pound Hill Disturbance ,2021,20-Jun-21,a,1,october,Veronica_chamaedrys,2,M_Crawley,
Pound Hill Disturbance ,2014,Sep-14,a,2,may,Veronica_persica,20,M_Crawley,
Pound Hill Disturbance ,2016,Jul-16,a,2,may,Veronica_persica,5,M_Crawley,
Pound Hill Disturbance ,2014,Sep-14,b,4,may,Veronica_persica,10,M_Crawley,
Pound Hill Disturbance ,2016,Jul-16,b,4,may,Veronica_persica,5,M_Crawley,
Pound Hill Disturbance ,2016,Jul-16,b,5,march,Veronica_persica,5,M_Crawley,
Pound Hill Disturbance ,2016,Jul-16,c,7,march,Veronica_persica,0.1,M_Crawley,recorded as +
Pound Hill Disturbance ,2014,Sep-14,c,9,may,Veronica_persica,20,M_Crawley,
Pound Hill Disturbance ,2017,Jul-17,d,10,march,Veronica_persica,0.2,M_Crawley,recorded as ++
Pound Hill Disturbance ,2014,Sep-14,d,12,may,Veronica_persica,10,M_Crawley,
Pound Hill Disturbance ,2016,Jul-16,d,12,may,Veronica_persica,3,M_Crawley,
Pound Hill Disturbance ,2021,20-Jun-21,a,2,may,Veronica_persica,0.1,M_Crawley,recorded as +
Pound Hill Disturbance ,2021,20-Jun-21,d,12,may,Veronica_persica,0.1,M_Crawley,recorded as +
Pound Hill Disturbance ,2019,Jul-19,d,11,october,Vicia_cracca,0.1,M_Crawley,recorded as +
Pound Hill Disturbance ,2021,20-Jun-21,d,11,october,Vicia_cracca,0.1,M_Crawley,recorded as +
Pound Hill Disturbance ,2016,Jul-16,a,1,october,Vicia_hirsuta,1,M_Crawley,
Pound Hill Disturbance ,2017,Jul-17,a,1,october,Vicia_hirsuta,2,M_Crawley,
Pound Hill Disturbance ,2019,Jul-19,a,1,october,Vicia_hirsuta,0.1,M_Crawley,recorded as +
Pound Hill Disturbance ,2016,Jul-16,a,2,may,Vicia_hirsuta,1,M_Crawley,
Pound Hill Disturbance ,2017,Jul-17,a,2,may,Vicia_hirsuta,2,M_Crawley,
Pound Hill Disturbance ,2016,Jul-16,a,3,march,Vicia_hirsuta,1,M_Crawley,
Pound Hill Disturbance ,2016,Jul-16,b,4,may,Vicia_hirsuta,0.1,M_Crawley,recorded as +
Pound Hill Disturbance ,2017,Jul-17,b,5,march,Vicia_hirsuta,0.1,M_Crawley,recorded as +
Pound Hill Disturbance ,2017,Jul-17,b,6,october,Vicia_hirsuta,0.2,M_Crawley,recorded as ++
Pound Hill Disturbance ,2016,Jul-16,c,7,march,Vicia_hirsuta,1,M_Crawley,
Pound Hill Disturbance ,2017,Jul-17,c,9,may,Vicia_hirsuta,0.2,M_Crawley,recorded as ++
Pound Hill Disturbance ,2016,Jul-16,d,10,march,Vicia_hirsuta,1,M_Crawley,
Pound Hill Disturbance ,2016,Jul-16,d,11,october,Vicia_hirsuta,0.1,M_Crawley,recorded as +
Pound Hill Disturbance ,2014,Sep-14,d,12,may,Vicia_hirsuta,0.1,M_Crawley,recorded as +
Pound Hill Disturbance ,2021,20-Jun-21,a,3,march,Vicia_hirsuta,1,M_Crawley,
Pound Hill Disturbance ,2021,20-Jun-21,b,5,march,Vicia_hirsuta,2,M_Crawley,
Pound Hill Disturbance ,2021,20-Jun-21,c,7,march,Vicia_hirsuta,3,M_Crawley,
Pound Hill Disturbance ,2021,20-Jun-21,d,10,march,Vicia_hirsuta,0.1,M_Crawley,recorded as +
Pound Hill Disturbance ,2021,20-Jun-21,a,1,october,Vicia_hirsuta,2,M_Crawley,
Pound Hill Disturbance ,2021,20-Jun-21,b,6,october,Vicia_hirsuta,2,M_Crawley,
Pound Hill Disturbance ,2021,20-Jun-21,c,8,october,Vicia_hirsuta,2,M_Crawley,
Pound Hill Disturbance ,2021,20-Jun-21,d,11,october,Vicia_hirsuta,2,M_Crawley,
Pound Hill Disturbance ,2021,20-Jun-21,a,1,october,Vicia_sativa_nigra,0.1,M_Crawley,recorded as +
Pound Hill Disturbance ,2021,20-Jun-21,a,1,october,Vicia_tetrasperma,1,M_Crawley,
Pound Hill Disturbance ,2017,Jul-17,a,1,october,Viola_arvensis,1,M_Crawley,
Pound Hill Disturbance ,2016,Jul-16,a,3,march,Viola_arvensis,3,M_Crawley,
Pound Hill Disturbance ,2017,Jul-17,a,3,march,Viola_arvensis,1,M_Crawley,
Pound Hill Disturbance ,2014,Sep-14,b,4,may,Viola_arvensis,1,M_Crawley,
Pound Hill Disturbance ,2017,Jul-17,b,5,march,Viola_arvensis,1,M_Crawley,
Pound Hill Disturbance ,2016,Jul-16,c,7,march,Viola_arvensis,2,M_Crawley,
Pound Hill Disturbance ,2017,Jul-17,c,7,march,Viola_arvensis,0.1,M_Crawley,recorded as +
Pound Hill Disturbance ,2017,Jul-17,c,8,october,Viola_arvensis,0.1,M_Crawley,recorded as +
Pound Hill Disturbance ,2016,Jul-16,d,11,october,Viola_arvensis,0.1,M_Crawley,recorded as +
Pound Hill Disturbance ,2021,20-Jun-21,a,3,march,Viola_arvensis,3,M_Crawley,
Pound Hill Disturbance ,2021,20-Jun-21,b,5,march,Viola_arvensis,2,M_Crawley,
Pound Hill Disturbance ,2021,20-Jun-21,c,7,march,Viola_arvensis,1,M_Crawley,
Pound Hill Disturbance ,2021,20-Jun-21,d,10,march,Viola_arvensis,0.1,M_Crawley,recorded as +
Pound Hill Disturbance ,2021,20-Jun-21,b,4,may,Viola_arvensis,0.1,M_Crawley,recorded as +
Pound Hill Disturbance ,2021,20-Jun-21,c,9,may,Viola_arvensis,0.1,M_Crawley,recorded as +
Pound Hill Disturbance ,2021,20-Jun-21,d,12,may,Viola_arvensis,2,M_Crawley,
Pound Hill Disturbance ,2021,20-Jun-21,a,1,october,Viola_arvensis,1,M_Crawley,
Pound Hill Disturbance ,2021,20-Jun-21,b,6,october,Viola_arvensis,0.1,M_Crawley,recorded as +
Pound Hill Disturbance ,2021,20-Jun-21,c,8,october,Viola_arvensis,2,M_Crawley,
Pound Hill Disturbance ,2017,Jul-17,a,1,october,Vulpia_bromoides,1,M_Crawley,
Pound Hill Disturbance ,2017,Jul-17,b,6,october,Vulpia_bromoides,0.1,M_Crawley,recorded as +
Pound Hill Disturbance ,2021,20-Jun-21,b,4,may,Vulpia_bromoides,3,M_Crawley,
Pound Hill Disturbance ,2016,Jul-16,a,1,october,Vulpia_myuros,5,M_Crawley,
Pound Hill Disturbance ,2017,Jul-17,a,1,october,Vulpia_myuros,15,M_Crawley,
Pound Hill Disturbance ,2019,Jul-19,a,1,october,Vulpia_myuros,20,M_Crawley,
Pound Hill Disturbance ,2020,Aug-20,a,1,october,Vulpia_myuros,35,M_Crawley,
Pound Hill Disturbance ,2016,Jul-16,b,6,october,Vulpia_myuros,25,M_Crawley,
Pound Hill Disturbance ,2017,Jul-17,b,6,october,Vulpia_myuros,20,M_Crawley,
Pound Hill Disturbance ,2019,Jul-19,b,6,october,Vulpia_myuros,20,M_Crawley,
Pound Hill Disturbance ,2016,Jul-16,c,8,october,Vulpia_myuros,20,M_Crawley,
Pound Hill Disturbance ,2017,Jul-17,c,8,october,Vulpia_myuros,2,M_Crawley,
Pound Hill Disturbance ,2019,Jul-19,c,8,october,Vulpia_myuros,0.1,M_Crawley,recorded as +
Pound Hill Disturbance ,2016,Jul-16,d,11,october,Vulpia_myuros,65,M_Crawley,
Pound Hill Disturbance ,2017,Jul-17,d,11,october,Vulpia_myuros,25,M_Crawley,
Pound Hill Disturbance ,2019,Jul-19,d,11,october,Vulpia_myuros,5,M_Crawley,
Pound Hill Disturbance ,2021,20-Jun-21,a,1,october,Vulpia_myuros,25,M_Crawley,
Pound Hill Disturbance ,2021,20-Jun-21,b,6,october,Vulpia_myuros,20,M_Crawley,
Pound Hill Disturbance ,2021,20-Jun-21,c,8,october,Vulpia_myuros,5,M_Crawley,
Pound Hill Disturbance ,2021,20-Jun-21,d,11,october,Vulpia_myuros,10,M_Crawley,